{"gradients/graph_1model.fc2.bias": {"_type": "histogram", "values": [1.0, 0.0, 0.0, 0.0, 0.0, 0.0, 0.0, 0.0, 0.0, 0.0, 1.0, 0.0, 0.0, 0.0, 1.0, 0.0, 0.0, 0.0, 0.0, 0.0, 0.0, 0.0, 0.0, 0.0, 0.0, 0.0, 0.0, 1.0, 0.0, 0.0, 0.0, 0.0, 0.0, 0.0, 1.0, 0.0, 1.0, 0.0, 0.0, 0.0, 0.0, 0.0, 1.0, 1.0, 0.0, 0.0, 0.0, 1.0, 0.0, 0.0, 0.0, 0.0, 0.0, 0.0, 0.0, 0.0, 0.0, 0.0, 0.0, 0.0, 0.0, 0.0, 0.0, 1.0], "bins": [-0.0830649882555008, -0.08047337085008621, -0.07788174599409103, -0.07529012858867645, -0.07269850373268127, -0.0701068863272667, -0.06751526892185211, -0.06492364406585693, -0.06233202666044235, -0.05974040552973747, -0.05714878439903259, -0.05455716699361801, -0.05196554586291313, -0.04937392473220825, -0.04678230360150337, -0.04419068247079849, -0.04159906134009361, -0.03900744020938873, -0.03641581907868385, -0.03382419794797897, -0.031232580542564392, -0.028640959411859512, -0.026049338281154633, -0.023457719013094902, -0.020866097882390022, -0.018274476751685143, -0.015682857483625412, -0.013091236352920532, -0.010499616153538227, -0.007907995954155922, -0.005316374823451042, -0.0027247555553913116, -0.00013313442468643188, 0.002458486007526517, 0.005050106439739466, 0.007641727104783058, 0.010233347304165363, 0.012824967503547668, 0.015416588634252548, 0.01800820790231228, 0.02059982903301716, 0.02319145016372204, 0.02578306943178177, 0.02837469056248665, 0.03096631169319153, 0.03355792909860611, 0.03614955395460129, 0.03874117136001587, 0.04133279249072075, 0.04392441362142563, 0.04651603475213051, 0.04910765588283539, 0.05169927328824997, 0.05429089441895485, 0.05688251554965973, 0.05947413295507431, 0.06206575781106949, 0.06465737521648407, 0.06724900007247925, 0.06984061747789383, 0.07243224233388901, 0.07502385973930359, 0.07761548459529877, 0.08020710200071335, 0.08279871940612793]}, "_timestamp": 1690836991.3731833, "gradients/graph_1model.fc2.weight": {"_type": "histogram", "values": [2.0, 0.0, 0.0, 1.0, 2.0, 1.0, 1.0, 0.0, 0.0, 1.0, 4.0, 1.0, 2.0, 4.0, 4.0, 2.0, 7.0, 4.0, 1.0, 3.0, 7.0, 4.0, 4.0, 3.0, 4.0, 5.0, 10.0, 14.0, 15.0, 12.0, 19.0, 677.0, 38.0, 33.0, 20.0, 12.0, 11.0, 6.0, 14.0, 10.0, 6.0, 7.0, 4.0, 1.0, 3.0, 1.0, 4.0, 2.0, 2.0, 0.0, 0.0, 1.0, 2.0, 2.0, 0.0, 0.0, 1.0, 1.0, 2.0, 0.0, 1.0, 0.0, 0.0, 2.0], "bins": [-0.09328357875347137, -0.09031671285629272, -0.08734984695911407, -0.08438298106193542, -0.08141610771417618, -0.07844924181699753, -0.07548237591981888, -0.07251551002264023, -0.06954863667488098, -0.06658177077770233, -0.06361490488052368, -0.06064803525805473, -0.057681165635585785, -0.054714299738407135, -0.051747433841228485, -0.048780567944049835, -0.045813702046871185, -0.042846836149692535, -0.03987996652722359, -0.03691310063004494, -0.03394623100757599, -0.03097936511039734, -0.02801249921321869, -0.02504563145339489, -0.02207876369357109, -0.01911189593374729, -0.016145028173923492, -0.013178162276744843, -0.010211294516921043, -0.007244426757097244, -0.004277560859918594, -0.0013106931000947952, 0.001656167209148407, 0.004623034503310919, 0.007589901797473431, 0.010556768625974655, 0.013523636385798454, 0.016490504145622253, 0.019457370042800903, 0.022424237802624702, 0.0253911055624485, 0.0283579733222723, 0.0313248410820961, 0.03429170697927475, 0.0372585728764534, 0.04022544249892235, 0.043192308396101, 0.046159178018569946, 0.049126043915748596, 0.052092909812927246, 0.055059779435396194, 0.058026645332574844, 0.06099351495504379, 0.06396038085222244, 0.06692724674940109, 0.06989411264657974, 0.07286098599433899, 0.07582785189151764, 0.07879471778869629, 0.08176158368587494, 0.08472845703363419, 0.08769532293081284, 0.09066218882799149, 0.09362905472517014, 0.09659592062234879]}, "gradients/graph_1model.fc1.bias": {"_type": "histogram", "values": [1.0, 0.0, 0.0, 1.0, 1.0, 0.0, 0.0, 0.0, 1.0, 0.0, 2.0, 0.0, 0.0, 0.0, 2.0, 4.0, 1.0, 0.0, 1.0, 0.0, 66.0, 0.0, 0.0, 2.0, 0.0, 1.0, 1.0, 1.0, 0.0, 0.0, 0.0, 1.0, 0.0, 2.0, 1.0, 0.0, 0.0, 0.0, 2.0, 0.0, 1.0, 2.0, 0.0, 0.0, 0.0, 0.0, 1.0, 0.0, 0.0, 1.0, 0.0, 0.0, 1.0, 0.0, 1.0, 0.0, 0.0, 0.0, 0.0, 0.0, 0.0, 0.0, 0.0, 2.0], "bins": [-0.011084643192589283, -0.01054045744240284, -0.009996271692216396, -0.009452085942029953, -0.008907899260520935, -0.008363713510334492, -0.007819527760148048, -0.007275342009961605, -0.0067311557941138744, -0.006186970043927431, -0.0056427838280797005, -0.005098598077893257, -0.004554412327706814, -0.004010226111859083, -0.00346604036167264, -0.002921854378655553, -0.002377668395638466, -0.001833482412621379, -0.0012892965460196137, -0.0007451106794178486, -0.0002009246964007616, 0.0003432612866163254, 0.0008874470368027687, 0.0014316330198198557, 0.0019758190028369427, 0.0025200049858540297, 0.0030641909688711166, 0.00360837671905756, 0.004152562469244003, 0.004696748685091734, 0.005240934435278177, 0.005785120651125908, 0.006329307332634926, 0.006873493082821369, 0.0074176792986691, 0.00796186551451683, 0.008506051264703274, 0.009050237014889717, 0.00959442276507616, 0.010138608515262604, 0.010682795196771622, 0.011226980946958065, 0.011771166697144508, 0.012315353378653526, 0.01285953912883997, 0.013403724879026413, 0.013947910629212856, 0.0144920963793993, 0.015036282129585743, 0.015580467879772186, 0.016124654561281204, 0.016668839380145073, 0.01721302606165409, 0.01775721088051796, 0.018301397562026978, 0.018845584243535995, 0.019389769062399864, 0.019933955743908882, 0.02047814056277275, 0.02102232724428177, 0.021566512063145638, 0.022110698744654655, 0.022654883563518524, 0.023199070245027542, 0.02374325692653656]}, "gradients/graph_1model.fc1.weight": {"_type": "histogram", "values": [1.0, 3.0, 12.0, 8.0, 24.0, 20.0, 32.0, 53.0, 114.0, 141.0, 259.0, 373.0, 531.0, 821.0, 1167.0, 1686.0, 2469.0, 3541.0, 4834.0, 6690.0, 9487.0, 13068.0, 19141.0, 28020.0, 730612.0, 37458.0, 30965.0, 25051.0, 20350.0, 16327.0, 13375.0, 10911.0, 8916.0, 7331.0, 5894.0, 4824.0, 3908.0, 3108.0, 2529.0, 2086.0, 1631.0, 1315.0, 1106.0, 823.0, 651.0, 555.0, 383.0, 316.0, 245.0, 230.0, 161.0, 120.0, 88.0, 74.0, 53.0, 43.0, 27.0, 16.0, 5.0, 6.0, 5.0, 3.0, 2.0, 2.0], "bins": [-0.001468001864850521, -0.0014091869816184044, -0.0013503722148016095, -0.0012915573315694928, -0.001232742564752698, -0.0011739276815205812, -0.0011151127982884645, -0.0010562979150563478, -0.000997483148239553, -0.0009386683232150972, -0.0008798534981906414, -0.0008210386149585247, -0.0007622237899340689, -0.0007034089649096131, -0.0006445940816774964, -0.0005857792566530406, -0.0005269644316285849, -0.0004681496066041291, -0.00040933475247584283, -0.0003505198983475566, -0.0002917050733231008, -0.00023289024829864502, -0.00017407539417035878, -0.00011526054004207253, -5.644571501761675e-05, 2.3691245587542653e-06, 6.118396413512528e-05, 0.0001199988037114963, 0.0001788136432878673, 0.0002376284683123231, 0.00029644332244060934, 0.0003552581765688956, 0.00041407300159335136, 0.00047288782661780715, 0.0005317026516422629, 0.0005905175348743796, 0.0006493323598988354, 0.0007081471849232912, 0.0007669620681554079, 0.0008257768931798637, 0.0008845917182043195, 0.0009434065432287753, 0.001002221368253231, 0.0010610362514853477, 0.0011198511347174644, 0.0011786659015342593, 0.001237480784766376, 0.0012962955515831709, 0.0013551104348152876, 0.0014139253180474043, 0.0014727400848641992, 0.0015315549680963159, 0.0015903697349131107, 0.0016491846181452274, 0.0017079995013773441, 0.0017668143846094608, 0.0018256291514262557, 0.0018844440346583724, 0.0019432588014751673, 0.002002073684707284, 0.0020608885679394007, 0.0021197032183408737, 0.0021785181015729904, 0.002237332984805107, 0.002296147868037224]}, "gradients/graph_1model.cell_list.1.conv_can.weight": {"_type": "histogram",