{"gradients/model.fc2.bias": {"_type": "histogram", "values": [1.0, 0.0, 0.0, 0.0, 0.0, 0.0, 0.0, 0.0, 0.0, 0.0, 1.0, 0.0, 0.0, 0.0, 0.0, 0.0, 0.0, 0.0, 0.0, 0.0, 0.0, 1.0, 1.0, 0.0, 0.0, 0.0, 1.0, 0.0, 0.0, 0.0, 0.0, 0.0, 0.0, 0.0, 1.0, 0.0, 0.0, 0.0, 0.0, 0.0, 0.0, 0.0, 0.0, 0.0, 0.0, 0.0, 1.0, 0.0, 1.0, 0.0, 0.0, 0.0, 0.0, 0.0, 0.0, 0.0, 0.0, 0.0, 0.0, 0.0, 0.0, 0.0, 0.0, 2.0], "bins": [-0.08527183532714844, -0.08275917917490005, -0.08024652302265167, -0.07773386687040329, -0.07522121071815491, -0.07270856201648712, -0.07019590586423874, -0.06768324971199036, -0.06517059355974197, -0.06265793740749359, -0.06014528125524521, -0.057632628828287125, -0.05511997267603874, -0.05260731652379036, -0.050094664096832275, -0.04758200794458389, -0.04506935179233551, -0.04255669564008713, -0.040044039487838745, -0.03753138706088066, -0.03501873090863228, -0.032506074756383896, -0.029993420466780663, -0.02748076617717743, -0.024968110024929047, -0.022455453872680664, -0.01994279958307743, -0.017430145293474197, -0.014917489141225815, -0.012404833920300007, -0.009892178699374199, -0.007379524409770966, -0.004866868257522583, -0.002354213036596775, 0.0001584421843290329, 0.002671097405254841, 0.005183752626180649, 0.007696407847106457, 0.010209063068032265, 0.012721717357635498, 0.01523437350988388, 0.017747029662132263, 0.020259683951735497, 0.02277233824133873, 0.025284994393587112, 0.027797650545835495, 0.03031030483543873, 0.03282295912504196, 0.035335615277290344, 0.03784827142953873, 0.04036092758178711, 0.042873580008745193, 0.045386236160993576, 0.04789889231324196, 0.05041154474020004, 0.052924200892448425, 0.05543685704469681, 0.05794951319694519, 0.06046216934919357, 0.06297482550144196, 0.06548747420310974, 0.06800013035535812, 0.0705127865076065, 0.07302544265985489, 0.07553809881210327]}, "_timestamp": 1691017832.3531501, "gradients/model.fc2.weight": {"_type": "histogram", "values": [1.0, 2.0, 0.0, 0.0, 0.0, 2.0, 0.0, 2.0, 0.0, 1.0, 1.0, 0.0, 0.0, 0.0, 6.0, 2.0, 3.0, 2.0, 2.0, 6.0, 4.0, 8.0, 7.0, 9.0, 14.0, 12.0, 13.0, 18.0, 16.0, 28.0, 21.0, 28.0, 35.0, 545.0, 30.0, 21.0, 13.0, 18.0, 21.0, 9.0, 8.0, 20.0, 9.0, 4.0, 12.0, 5.0, 7.0, 5.0, 4.0, 8.0, 1.0, 2.0, 1.0, 0.0, 0.0, 1.0, 2.0, 1.0, 3.0, 2.0, 1.0, 1.0, 2.0, 1.0], "bins": [-0.0013785881455987692, -0.001337377354502678, -0.0012961665634065866, -0.0012549556558951735, -0.0012137448647990823, -0.001172534073702991, -0.0011313232826068997, -0.0010901123750954866, -0.0010489015839993954, -0.001007690792903304, -0.0009664799435995519, -0.0009252691525034606, -0.0008840583031997085, -0.0008428475121036172, -0.0008016367210075259, -0.0007604258717037737, -0.0007192150806076825, -0.0006780042895115912, -0.000636793440207839, -0.0005955826491117477, -0.0005543717998079956, -0.0005131610087119043, -0.00047195018851198256, -0.00043073936831206083, -0.0003895285481121391, -0.0003483177279122174, -0.00030710690771229565, -0.0002658960875123739, -0.00022468528186436743, -0.0001834744616644457, -0.0001422636560164392, -0.00010105283581651747, -5.9842015616595745e-05, -1.8631199054652825e-05, 2.2579617507290095e-05, 6.379043043125421e-05, 0.00010500125063117594, 0.00014621207083109766, 0.00018742287647910416, 0.0002286336966790259, 0.0002698445168789476, 0.00031105533707886934, 0.00035226615727879107, 0.0003934769774787128, 0.00043468776857480407, 0.00047589861787855625, 0.0005171094089746475, 0.0005583202000707388, 0.000599531049374491, 0.0006407418404705822, 0.0006819526897743344, 0.0007231634808704257, 0.0007643743301741779, 0.0008055851212702692, 0.0008467959705740213, 0.0008880067616701126, 0.0009292175527662039, 0.0009704283438622952, 0.0010116391349583864, 0.0010528500424697995, 0.0010940608335658908, 0.001135271624661982, 0.0011764824157580733, 0.0012176933232694864, 0.0012589041143655777]}, "gradients/model.fc1.bias": {"_type": "histogram", "values": [1.0, 0.0, 0.0, 0.0, 1.0, 0.0, 1.0, 0.0, 0.0, 0.0, 0.0, 0.0, 0.0, 0.0, 1.0, 0.0, 0.0, 0.0, 0.0, 0.0, 1.0, 1.0, 0.0, 0.0, 1.0, 1.0, 5.0, 0.0, 3.0, 1.0, 2.0, 1.0, 0.0, 2.0, 2.0, 3.0, 2.0, 4.0, 6.0, 39.0, 1.0, 1.0, 2.0, 2.0, 0.0, 0.0, 2.0, 2.0, 0.0, 2.0, 3.0, 1.0, 0.0, 1.0, 2.0, 1.0, 0.0, 0.0, 0.0, 0.0, 0.0, 0.0, 0.0, 2.0], "bins": [-0.026448698714375496, -0.025777243077754974, -0.025105789303779602, -0.02443433366715908, -0.02376287803053856, -0.023091424256563187, -0.022419968619942665, -0.021748512983322144, -0.02107705920934677, -0.02040560357272625, -0.019734149798750877, -0.019062694162130356, -0.018391238525509834, -0.017719782888889313, -0.01704832911491394, -0.01637687347829342, -0.015705417841672897, -0.01503396313637495, -0.014362507499754429, -0.013691052794456482, -0.01301959715783596, -0.012348142452538013, -0.011676687747240067, -0.011005232110619545, -0.010333777405321598, -0.009662322700023651, -0.00899086706340313, -0.008319412358105183, -0.007647957187145948, -0.006976502016186714, -0.006305047310888767, -0.005633592139929533, -0.004962138831615448, -0.004290683660656214, -0.003619228722527623, -0.0029477737843990326, -0.0022763186134397984, -0.0016048634424805641, -0.0009334087371826172, -0.00026195356622338295, 0.0004095016047358513, 0.0010809566592797637, 0.0017524117138236761, 0.0024238666519522667, 0.003095321822911501, 0.003766776993870735, 0.004438231699168682, 0.005109686870127916, 0.005781142041087151, 0.006452597212046385, 0.007124052383005619, 0.007795507088303566, 0.008466962724924088, 0.009138417430222034, 0.009809872135519981, 0.010481327772140503, 0.01115278247743845, 0.011824237182736397, 0.012495692819356918, 0.013167147524654865, 0.013838602229952812, 0.014510057866573334, 0.01518151257187128, 0.015852967277169228, 0.01652442291378975]}, "gradients/model.fc1.weight": {"_type": "histogram", "values": [1.0, 0.0, 2.0, 0.0, 1.0, 3.0, 6.0, 3.0, 3.0, 4.0, 2.0, 8.0, 4.0, 6.0, 7.0, 14.0, 13.0, 17.0, 15.0, 26.0, 38.0, 59.0, 90.0, 169.0, 238.0, 383.0, 513.0, 706.0, 1090.0, 1578.0, 2434.0, 3543.0, 5671.0, 9373.0, 15367.0, 27391.0, 868851.0, 42986.0, 18239.0, 10342.0, 6356.0, 3814.0, 2062.0, 1132.0, 597.0, 340.0, 205.0, 92.0, 69.0, 49.0, 17.0, 23.0, 7.0, 9.0, 6.0, 5.0, 7.0, 5.0, 2.0, 3.0, 2.0, 1.0, 0.0, 1.0], "bins": [-0.0005611552041955292, -0.0005459453677758574, -0.0005307355895638466, -0.0005155257531441748, -0.000500315974932164, -0.0004851061385124922, -0.00046989633119665086, -0.00045468652388080955, -0.00043947671656496823, -0.0004242669092491269, -0.0004090571019332856, -0.0003938472946174443, -0.0003786374581977725, -0.0003634276508819312, -0.00034821784356608987, -0.00033300803625024855, -0.00031779822893440723, -0.0003025884216185659, -0.0002873786143027246, -0.0002721687778830528, -0.0002569589705672115, -0.0002417491632513702, -0.00022653935593552887, -0.00021132954861968756, -0.00019611971220001578, -0.00018090990488417447, -0.00016570008301641792, -0.0001504902757005766, -0.00013528046838473529, -0.00012007065379293635, -0.00010486083920113742, -8.96510318852961e-05, -7.444122456945479e-05, -5.9231413615634665e-05, -4.402160266181454e-05, -2.881178807001561e-05, -1.3601977116195485e-05, 1.6078338376246393e-06, 1.681764842942357e-05, 3.202745574526489e-05, 4.723727033706382e-05, 6.244708492886275e-05, 7.765689224470407e-05, 9.2866706836503e-05, 0.00010807652142830193, 0.00012328632874414325, 0.00013849613605998456, 0.00015370594337582588, 0.00016891576524358243, 0.00018412557255942374, 0.0001993353944271803, 0.0002145452017430216, 0.00022975500905886292, 0.00024496481637470424, 0.00026017462369054556, 0.00027538446011021733, 0.00029059426742605865, 0.00030580407474189997, 0.0003210138820577413, 0.0003362236893735826, 0.0003514335257932544, 0.0003666433331090957, 0.000381853140424937, 0.0003970629477407783, 0.00041227275505661964]}, "gradients/model.cell_list.1.conv_can.weight": {"_type": "histogram",