{"gradients/model.fc2.bias": {"_type": "histogram", "values": [1.0, 0.0, 0.0, 0.0, 0.0, 0.0, 0.0, 1.0, 0.0, 0.0, 0.0, 0.0, 0.0, 0.0, 0.0, 1.0, 0.0, 1.0, 1.0, 1.0, 0.0, 0.0, 0.0, 0.0, 0.0, 0.0, 0.0, 0.0, 0.0, 0.0, 0.0, 0.0, 0.0, 0.0, 0.0, 0.0, 1.0, 0.0, 1.0, 0.0, 0.0, 0.0, 0.0, 0.0, 0.0, 0.0, 0.0, 0.0, 0.0, 0.0, 0.0, 0.0, 0.0, 0.0, 0.0, 0.0, 0.0, 0.0, 0.0, 1.0, 0.0, 0.0, 0.0, 1.0], "bins": [-0.049584679305553436, -0.047800082713365555, -0.04601548612117767, -0.04423088952898979, -0.04244629293680191, -0.04066169634461403, -0.03887709975242615, -0.037092503160238266, -0.035307906568050385, -0.0335233099758625, -0.03173871338367462, -0.02995411679148674, -0.02816952019929886, -0.026384923607110977, -0.024600327014923096, -0.022815730422735214, -0.021031133830547333, -0.01924653723835945, -0.01746194064617157, -0.01567734405398369, -0.013892747461795807, -0.012108150869607925, -0.010323554277420044, -0.008538957685232162, -0.006754361093044281, -0.0049697645008563995, -0.003185167908668518, -0.0014005713164806366, 0.0003840252757072449, 0.0021686218678951263, 0.003953218460083008, 0.005737815052270889, 0.007522411644458771, 0.009307008236646652, 0.011091604828834534, 0.012876201421022415, 0.014660798013210297, 0.016445394605398178, 0.01822999119758606, 0.02001458778977394, 0.021799184381961823, 0.023583780974149704, 0.025368377566337585, 0.027152974158525467, 0.02893757075071335, 0.03072216734290123, 0.03250676393508911, 0.03429136052727699, 0.036075957119464874, 0.037860553711652756, 0.03964515030384064, 0.04142974689602852, 0.0432143434882164, 0.04499894008040428, 0.04678353667259216, 0.048568133264780045, 0.050352729856967926, 0.05213732644915581, 0.05392192304134369, 0.05570651963353157, 0.05749111622571945, 0.05927571281790733, 0.061060309410095215, 0.0628449022769928, 0.06462950259447098]}, "_timestamp": 1691017622.1682594, "gradients/model.fc2.weight": {"_type": "histogram", "values": [1.0, 1.0, 1.0, 0.0, 2.0, 2.0, 1.0, 2.0, 0.0, 2.0, 2.0, 2.0, 2.0, 4.0, 4.0, 4.0, 8.0, 12.0, 7.0, 11.0, 13.0, 16.0, 16.0, 19.0, 19.0, 10.0, 9.0, 714.0, 4.0, 7.0, 5.0, 12.0, 10.0, 6.0, 5.0, 9.0, 8.0, 5.0, 1.0, 1.0, 3.0, 6.0, 4.0, 3.0, 2.0, 3.0, 0.0, 2.0, 0.0, 1.0, 0.0, 3.0, 0.0, 3.0, 1.0, 3.0, 1.0, 3.0, 1.0, 2.0, 1.0, 0.0, 0.0, 1.0], "bins": [-0.04653606563806534, -0.0448518730700016, -0.043167680501937866, -0.04148348793387413, -0.039799295365810394, -0.03811509907245636, -0.03643091022968292, -0.03474671393632889, -0.03306252136826515, -0.031378328800201416, -0.02969413623213768, -0.028009943664073944, -0.02632574923336506, -0.024641556665301323, -0.022957364097237587, -0.021273169666528702, -0.019588978961110115, -0.01790478639304638, -0.016220593824982643, -0.014536400325596333, -0.012852206826210022, -0.011168014258146286, -0.00948382169008255, -0.0077996281906962395, -0.0061154356226325035, -0.00443124258890748, -0.0027470497880131006, -0.001062856987118721, 0.0006213360466063023, 0.0023055290803313255, 0.0039897216483950615, 0.005673915147781372, 0.007358107715845108, 0.009042300283908844, 0.010726493783295155, 0.01241068635135889, 0.014094879850745201, 0.015779072418808937, 0.017463264986872673, 0.019147459417581558, 0.020831651985645294, 0.02251584455370903, 0.024200037121772766, 0.025884229689836502, 0.027568424120545387, 0.029252616688609123, 0.03093680925667286, 0.032621003687381744, 0.03430519253015518, 0.03598938509821892, 0.037673577666282654, 0.03935777023434639, 0.041041962802410126, 0.04272615909576416, 0.0444103479385376, 0.04609454423189163, 0.04777873679995537, 0.049462929368019104, 0.05114712193608284, 0.052831314504146576, 0.05451550707221031, 0.05619969964027405, 0.05788389593362808, 0.05956808850169182, 0.061252281069755554]}, "gradients/model.fc1.bias": {"_type": "histogram", "values": [1.0, 0.0, 0.0, 0.0, 0.0, 0.0, 1.0, 0.0, 1.0, 0.0, 1.0, 0.0, 1.0, 1.0, 0.0, 1.0, 0.0, 1.0, 0.0, 0.0, 0.0, 0.0, 1.0, 0.0, 0.0, 0.0, 1.0, 2.0, 0.0, 71.0, 0.0, 0.0, 2.0, 0.0, 0.0, 1.0, 1.0, 1.0, 1.0, 0.0, 1.0, 3.0, 0.0, 0.0, 1.0, 0.0, 1.0, 0.0, 1.0, 0.0, 0.0, 0.0, 0.0, 1.0, 0.0, 0.0, 0.0, 1.0, 0.0, 1.0, 0.0, 0.0, 0.0, 1.0], "bins": [-0.011622563935816288, -0.0112271998077631, -0.010831835679709911, -0.010436470620334148, -0.01004110649228096, -0.009645742364227772, -0.009250378236174583, -0.00885501317679882, -0.008459649048745632, -0.008064284920692444, -0.007668920326977968, -0.00727355619892478, -0.006878191605210304, -0.006482827477157116, -0.006087463349103928, -0.005692098755389452, -0.005296734627336264, -0.004901370499283075, -0.0045060059055686, -0.004110641777515411, -0.0037152771838009357, -0.0033199130557477474, -0.0029245486948639154, -0.0025291843339800835, -0.0021338199730962515, -0.0017384556122124195, -0.0013430912513285875, -0.0009477270068600774, -0.0005523626459762454, -0.00015699840150773525, 0.00023836595937609673, 0.0006337303202599287, 0.0010290946811437607, 0.0014244590420275927, 0.0018198234029114246, 0.002215187530964613, 0.0026105521246790886, 0.003005916252732277, 0.003401280613616109, 0.003796644974499941, 0.0041920095682144165, 0.004587373696267605, 0.0049827382899820805, 0.005378102418035269, 0.005773467011749744, 0.006168831139802933, 0.006564195267856121, 0.006959559861570597, 0.007354923989623785, 0.007750288117676973, 0.008145652711391449, 0.008541016839444637, 0.008936380967497826, 0.009331746026873589, 0.009727110154926777, 0.010122474282979965, 0.010517838411033154, 0.010913202539086342, 0.01130856666713953, 0.011703931726515293, 0.012099295854568481, 0.01249465998262167, 0.012890024110674858, 0.013285389170050621, 0.01368075329810381]}, "gradients/model.fc1.weight": {"_type": "histogram", "values": [1.0, 0.0, 1.0, 2.0, 1.0, 8.0, 5.0, 21.0, 18.0, 28.0, 40.0, 47.0, 80.0, 91.0, 171.0, 237.0, 340.0, 506.0, 729.0, 1081.0, 1537.0, 2297.0, 3385.0, 5093.0, 7069.0, 10308.0, 14578.0, 19551.0, 24139.0, 31222.0, 766644.0, 30528.0, 25180.0, 20294.0, 15827.0, 11991.0, 9044.0, 6423.0, 4664.0, 3198.0, 2276.0, 1501.0, 1074.0, 802.0, 552.0, 429.0, 301.0, 245.0, 129.0, 95.0, 80.0, 65.0, 27.0, 13.0, 11.0, 11.0, 3.0, 2.0, 1.0, 3.0, 0.0, 0.0, 0.0, 1.0], "bins": [-0.0008024735725484788, -0.0007759834406897426, -0.0007494933670386672, -0.0007230032933875918, -0.0006965131615288556, -0.0006700230296701193, -0.0006435329560190439, -0.0006170428823679686, -0.0005905527505092323, -0.000564062618650496, -0.0005375725449994206, -0.0005110824713483453, -0.000484592339489609, -0.0004581022367347032, -0.00043161213397979736, -0.00040512203122489154, -0.0003786319284699857, -0.0003521418257150799, -0.0003256517229601741, -0.00029916162020526826, -0.00027267151745036244, -0.0002461814146954566, -0.0002196913119405508, -0.00019320120918564498, -0.00016671110643073916, -0.00014022100367583334, -0.00011373090092092752, -8.72407981660217e-05, -6.0750695411115885e-05, -3.4260592656210065e-05, -7.770489901304245e-06, 1.8719612853601575e-05, 4.520977381616831e-05, 7.169987657107413e-05, 9.818997932597995e-05, 0.00012468008208088577, 0.0001511701848357916, 0.0001776602875906974, 0.00020415039034560323, 0.00023064049310050905, 0.00025713059585541487, 0.0002836206986103207, 0.0003101108013652265, 0.0003366009041201323, 0.00036309100687503815, 0.00038958110962994397, 0.0004160712123848498, 0.0004425613151397556, 0.0004690514178946614, 0.0004955414915457368, 0.0005220316234044731, 0.0005485217552632093, 0.0005750118289142847, 0.0006015019025653601, 0.0006279920344240963, 0.0006544821662828326, 0.000680972239933908, 0.0007074623135849833, 0.0007339524454437196, 0.0007604425773024559, 0.0007869326509535313, 0.0008134227246046066, 0.0008399128564633429, 0.0008664029883220792, 0.0008928930619731545]}, "gradients/model.cell_list.1.conv_can.weight": {"_type": "histogram",