{"gradients/model.fc2.bias": {"_type": "histogram", "values": [1.0, 0.0, 0.0, 0.0, 0.0, 0.0, 0.0, 0.0, 0.0, 0.0, 0.0, 0.0, 0.0, 0.0, 0.0, 0.0, 1.0, 0.0, 0.0, 0.0, 0.0, 0.0, 0.0, 1.0, 0.0, 0.0, 0.0, 0.0, 0.0, 0.0, 0.0, 0.0, 1.0, 0.0, 0.0, 1.0, 0.0, 0.0, 0.0, 1.0, 0.0, 0.0, 2.0, 0.0, 0.0, 0.0, 0.0, 1.0, 0.0, 0.0, 0.0, 0.0, 0.0, 0.0, 0.0, 0.0, 0.0, 0.0, 0.0, 0.0, 0.0, 0.0, 0.0, 1.0], "bins": [-0.01581636816263199, -0.01535710971802473, -0.014897851273417473, -0.014438592828810215, -0.013979334384202957, -0.013520075008273125, -0.013060817494988441, -0.012601558119058609, -0.012142299674451351, -0.011683041229844093, -0.011223782785236835, -0.010764524340629578, -0.01030526589602232, -0.009846007451415062, -0.00938674807548523, -0.008927489630877972, -0.008468231186270714, -0.008008972741663456, -0.007549714297056198, -0.00709045585244894, -0.006631196942180395, -0.006171938497573137, -0.0057126800529658794, -0.005253421142697334, -0.004794163629412651, -0.004334905184805393, -0.0038756465073674917, -0.003416388062760234, -0.0029571293853223324, -0.0024978709407150745, -0.0020386124961078167, -0.0015793538186699152, -0.0011200951412320137, -0.000660836580209434, -0.00020157807739451528, 0.0002576804254204035, 0.0007169389864429832, 0.0011761975474655628, 0.0016354559920728207, 0.002094714669510722, 0.00255397311411798, 0.003013231558725238, 0.0034724902361631393, 0.003931748680770397, 0.004391007125377655, 0.004850265569984913, 0.005309524014592171, 0.005768782924860716, 0.006228041369467974, 0.0066872998140752316, 0.007146558258682489, 0.0076058171689510345, 0.008065075613558292, 0.00852433405816555, 0.008983592502772808, 0.009442850947380066, 0.009902109391987324, 0.010361367836594582, 0.01082062628120184, 0.011279884725809097, 0.011739143170416355, 0.012198401615023613, 0.012657660990953445, 0.013116919435560703, 0.013576177880167961]}, "_timestamp": 1690836400.5286698, "gradients/model.fc2.weight": {"_type": "histogram", "values": [1.0, 0.0, 0.0, 0.0, 0.0, 0.0, 2.0, 0.0, 0.0, 1.0, 4.0, 3.0, 1.0, 0.0, 0.0, 1.0, 2.0, 4.0, 1.0, 0.0, 1.0, 3.0, 4.0, 2.0, 4.0, 7.0, 3.0, 7.0, 11.0, 15.0, 10.0, 7.0, 14.0, 23.0, 642.0, 57.0, 41.0, 28.0, 26.0, 21.0, 9.0, 2.0, 10.0, 2.0, 6.0, 1.0, 5.0, 0.0, 1.0, 2.0, 3.0, 1.0, 0.0, 1.0, 3.0, 4.0, 1.0, 0.0, 2.0, 0.0, 0.0, 0.0, 0.0, 1.0], "bins": [-0.3225359618663788, -0.3132554590702057, -0.3039749562740326, -0.2946944534778595, -0.2854139506816864, -0.2761334478855133, -0.2668529450893402, -0.2575724720954895, -0.2482919543981552, -0.23901145160198212, -0.22973094880580902, -0.22045044600963593, -0.21116995811462402, -0.20188945531845093, -0.19260895252227783, -0.18332844972610474, -0.17404794692993164, -0.16476744413375854, -0.15548694133758545, -0.14620643854141235, -0.13692593574523926, -0.12764543294906616, -0.11836494505405426, -0.10908444225788116, -0.09980393946170807, -0.09052343666553497, -0.08124293386936188, -0.07196243852376938, -0.06268193572759628, -0.05340143293142319, -0.04412093386054039, -0.03484043478965759, -0.02555990219116211, -0.016279401257634163, -0.006998900324106216, 0.00228160060942173, 0.011562101542949677, 0.020842604339122772, 0.03012310341000557, 0.03940360248088837, 0.04868410527706146, 0.05796460807323456, 0.06724511086940765, 0.07652560621500015, 0.08580610901117325, 0.09508661180734634, 0.10436710715293884, 0.11364760994911194, 0.12292811274528503, 0.13220861554145813, 0.14148911833763123, 0.15076962113380432, 0.16005012392997742, 0.1693306267261505, 0.17861111462116241, 0.1878916174173355, 0.1971721202135086, 0.2064526230096817, 0.2157331258058548, 0.2250136286020279, 0.2342941164970398, 0.2435746192932129, 0.252855122089386, 0.2621356248855591, 0.2714161276817322]}, "gradients/model.fc1.bias": {"_type": "histogram", "values": [1.0, 0.0, 0.0, 0.0, 0.0, 0.0, 1.0, 0.0, 0.0, 0.0, 0.0, 0.0, 0.0, 1.0, 0.0, 0.0, 0.0, 0.0, 0.0, 0.0, 0.0, 1.0, 0.0, 0.0, 0.0, 0.0, 0.0, 2.0, 0.0, 0.0, 1.0, 0.0, 1.0, 1.0, 0.0, 0.0, 2.0, 1.0, 0.0, 0.0, 1.0, 2.0, 2.0, 0.0, 1.0, 0.0, 1.0, 0.0, 62.0, 0.0, 1.0, 2.0, 0.0, 2.0, 2.0, 5.0, 0.0, 2.0, 0.0, 1.0, 1.0, 1.0, 0.0, 2.0], "bins": [-0.009479462169110775, -0.009283898398280144, -0.009088335558772087, -0.008892771787941456, -0.008697208017110825, -0.008501644246280193, -0.008306080475449562, -0.008110517635941505, -0.007914953865110874, -0.007719390094280243, -0.007523826789110899, -0.007328263483941555, -0.007132699713110924, -0.0069371359422802925, -0.0067415726371109486, -0.006546009331941605, -0.006350445561110973, -0.006154881790280342, -0.005959318485110998, -0.005763755179941654, -0.005568191409111023, -0.005372627638280392, -0.005177064333111048, -0.004981501027941704, -0.0047859372571110725, -0.004590373486280441, -0.004394810181111097, -0.004199246875941753, -0.004003683105111122, -0.0038081195671111345, -0.003612556029111147, -0.0034169924911111593, -0.0032214289531111717, -0.003025865415111184, -0.0028303018771111965, -0.002634738339111209, -0.0024391748011112213, -0.0022436112631112337, -0.002048047725111246, -0.0018524841871112585, -0.001656920649111271, -0.0014613571111112833, -0.0012657935731112957, -0.001070230035111308, -0.0008746664971113205, -0.0006791029591113329, -0.0004835394211113453, -0.0002879758831113577, -9.241234511137009e-05, 0.00010315119288861752, 0.0002987147308886051, 0.0004942782688885927, 0.0006898418068885803, 0.0008854053448885679, 0.0010809688828885555, 0.0012765324208885431, 0.0014720959588885307, 0.0016676594968885183, 0.001863223034888506, 0.0020587865728884935, 0.002254350110888481, 0.0024499136488884687, 0.0026454771868884563, 0.002841040724888444, 0.0030366042628884315]}, "gradients/model.fc1.weight": {"_type": "histogram", "values": [6.0, 8.0, 12.0, 16.0, 25.0, 32.0, 52.0, 59.0, 70.0, 112.0, 128.0, 175.0, 197.0, 231.0, 294.0, 333.0, 397.0, 425.0, 518.0, 499.0, 654.0, 749.0, 889.0, 973.0, 1070.0, 1219.0, 1230.0, 1468.0, 1677.0, 1948.0, 2297.0, 2612.0, 3092.0, 3479.0, 3847.0, 4172.0, 4807.0, 5544.0, 6559.0, 7586.0, 9126.0, 10897.0, 13178.0, 15343.0, 18275.0, 23010.0, 677696.0, 54147.0, 42772.0, 30071.0, 20655.0, 14708.0, 9704.0, 7717.0, 5862.0, 4222.0, 2877.0, 1727.0, 1233.0, 714.0, 377.0, 169.0, 48.0, 11.0], "bins": [-0.011280533857643604, -0.011039800010621548, -0.010799066163599491, -0.01055833324790001, -0.010317599400877953, -0.010076865553855896, -0.00983613170683384, -0.009595397859811783, -0.009354664944112301, -0.009113931097090244, -0.008873197250068188, -0.008632464334368706, -0.00839173048734665, -0.008150996640324593, -0.007910262793302536, -0.007669529411941767, -0.007428795099258423, -0.007188061252236366, -0.006947327870875597, -0.00670659402385354, -0.006465860642492771, -0.006225126795470715, -0.005984392948448658, -0.005743659567087889, -0.0055029261857271194, -0.005262192338705063, -0.005021458957344294, -0.004780725110322237, -0.004539991728961468, -0.004299257881939411, -0.004058524034917355, -0.0038177906535565853, -0.0035770568065345287, -0.003336323192343116, -0.003095589578151703, -0.0028548557311296463, -0.0026141221169382334, -0.0023733885027468204, -0.0021326548885554075, -0.0018919211579486728, -0.0016511875437572598, -0.001410453929565847, -0.0011697201989591122, -0.0009289865847676992, -0.0006882529123686254, -0.00044751923996955156, -0.00020678562577813864, 3.3948104828596115e-05, 0.00027468171902000904, 0.0005154153914190829, 0.0007561490638181567, 0.0009968826780095696, 0.0012376164086163044, 0.0014783500228077173, 0.0017190836369991302, 0.001959817484021187, 0.002200550865381956, 0.002441284479573369, 0.002682018093764782, 0.0029227519407868385, 0.0031634855549782515, 0.0034042191691696644, 0.0036449527833610773, 0.0038856863975524902, 0.004126420244574547]}, "gradients/model.cell_list.1.conv_can.weight": {"_type": "histogram",