{"gradients/graph_1model.fc2.bias": {"_type": "histogram", "values": [1.0, 0.0, 0.0, 0.0, 0.0, 0.0, 0.0, 0.0, 0.0, 0.0, 1.0, 0.0, 0.0, 0.0, 0.0, 0.0, 0.0, 0.0, 0.0, 0.0, 0.0, 0.0, 0.0, 0.0, 0.0, 0.0, 1.0, 0.0, 0.0, 0.0, 0.0, 0.0, 0.0, 0.0, 0.0, 0.0, 1.0, 0.0, 0.0, 1.0, 0.0, 0.0, 0.0, 0.0, 0.0, 0.0, 0.0, 0.0, 1.0, 0.0, 1.0, 1.0, 0.0, 0.0, 0.0, 0.0, 0.0, 0.0, 0.0, 0.0, 0.0, 0.0, 0.0, 2.0], "bins": [-0.07190613448619843, -0.07006610929965973, -0.06822609156370163, -0.06638606637716293, -0.06454604119062424, -0.06270601600408554, -0.06086599454283714, -0.059025973081588745, -0.05718594789505005, -0.05534592643380165, -0.053505901247262955, -0.05166587978601456, -0.04982585459947586, -0.04798583313822746, -0.046145807951688766, -0.04430578649044037, -0.04246576130390167, -0.040625739842653275, -0.03878571465611458, -0.03694569319486618, -0.035105668008327484, -0.033265646547079086, -0.03142562136054039, -0.029585599899291992, -0.027745578438043594, -0.025905555114150047, -0.0240655317902565, -0.022225508466362953, -0.020385485142469406, -0.01854546368122101, -0.016705438494682312, -0.01486541610211134, -0.013025391846895218, -0.01118536852300167, -0.009345345199108124, -0.007505322340875864, -0.005665299016982317, -0.0038252761587500572, -0.00198525283485651, -0.0001452295109629631, 0.001694793812930584, 0.003534817136824131, 0.005374840460717678, 0.007214863318949938, 0.009054886177182198, 0.010894909501075745, 0.012734932824969292, 0.014574956148862839, 0.016414979472756386, 0.018255002796649933, 0.02009502612054348, 0.021935049444437027, 0.023775072768330574, 0.02561509609222412, 0.02745511755347252, 0.029295142740011215, 0.031135164201259613, 0.03297518566250801, 0.03481521084904671, 0.036655232310295105, 0.0384952574968338, 0.0403352789580822, 0.042175304144620895, 0.04401532560586929, 0.04585535079240799]}, "_timestamp": 1691019436.0136995, "gradients/graph_1model.fc2.weight": {"_type": "histogram", "values": [1.0, 0.0, 0.0, 0.0, 0.0, 3.0, 0.0, 1.0, 0.0, 2.0, 1.0, 1.0, 3.0, 0.0, 3.0, 2.0, 2.0, 2.0, 3.0, 2.0, 2.0, 4.0, 2.0, 2.0, 3.0, 0.0, 4.0, 3.0, 5.0, 2.0, 7.0, 3.0, 5.0, 5.0, 1.0, 4.0, 3.0, 17.0, 14.0, 750.0, 8.0, 5.0, 8.0, 17.0, 10.0, 16.0, 11.0, 10.0, 10.0, 4.0, 5.0, 2.0, 6.0, 2.0, 3.0, 2.0, 5.0, 4.0, 1.0, 4.0, 3.0, 1.0, 0.0, 1.0], "bins": [-0.05757194757461548, -0.05609632283449173, -0.05462070181965828, -0.05314508080482483, -0.05166945606470108, -0.05019383132457733, -0.04871821030974388, -0.04724258929491043, -0.04576696455478668, -0.04429133981466293, -0.04281571879982948, -0.04134009778499603, -0.039864473044872284, -0.038388848304748535, -0.036913227289915085, -0.035437606275081635, -0.033961981534957886, -0.03248635679483414, -0.031010735780000687, -0.029535112902522087, -0.028059490025043488, -0.026583867147564888, -0.02510824427008629, -0.02363262139260769, -0.02215699851512909, -0.02068137563765049, -0.01920575276017189, -0.01773012988269329, -0.01625450700521469, -0.014778884127736092, -0.013303261250257492, -0.011827638372778893, -0.010352011770009995, -0.008876388892531395, -0.007400766015052795, -0.005925143137574196, -0.004449520260095596, -0.0029738973826169968, -0.0014982745051383972, -2.265162765979767e-05, 0.0014529712498188019, 0.0029285941272974014, 0.004404217004776001, 0.0058798398822546005, 0.0073554627597332, 0.0088310856372118, 0.0103067085146904, 0.011782331392168999, 0.013257954269647598, 0.014733577147126198, 0.016209200024604797, 0.017684822902083397, 0.019160445779561996, 0.020636068657040596, 0.022111691534519196, 0.023587314411997795, 0.025062937289476395, 0.026538560166954994, 0.028014183044433594, 0.029489805921912193, 0.030965428799390793, 0.03244104981422424, 0.03391667455434799, 0.03539229929447174, 0.03686792030930519]}, "gradients/graph_1model.fc1.bias": {"_type": "histogram", "values": [1.0, 0.0, 0.0, 0.0, 0.0, 0.0, 0.0, 0.0, 0.0, 1.0, 2.0, 0.0, 0.0, 1.0, 0.0, 2.0, 0.0, 0.0, 1.0, 0.0, 0.0, 2.0, 0.0, 0.0, 0.0, 2.0, 1.0, 1.0, 1.0, 1.0, 73.0, 1.0, 0.0, 1.0, 0.0, 2.0, 1.0, 0.0, 1.0, 1.0, 1.0, 2.0, 0.0, 0.0, 0.0, 0.0, 0.0, 0.0, 0.0, 0.0, 0.0, 0.0, 0.0, 0.0, 0.0, 0.0, 0.0, 0.0, 0.0, 0.0, 0.0, 0.0, 0.0, 1.0], "bins": [-0.008902311325073242, -0.008606260642409325, -0.008310209959745407, -0.00801415927708149, -0.007718108128756285, -0.007422057446092367, -0.00712600676342845, -0.006829955615103245, -0.006533904932439327, -0.00623785424977541, -0.005941803567111492, -0.005645752884447575, -0.00534970173612237, -0.005053651053458452, -0.004757600370794535, -0.00446154922246933, -0.0041654990054667, -0.003869448322802782, -0.003573397407308221, -0.0032773467246443033, -0.002981295809149742, -0.0026852451264858246, -0.002389194443821907, -0.002093143528327346, -0.0017970928456634283, -0.001501042046584189, -0.0012049912475049496, -0.000908940564841032, -0.0006128897657617927, -0.0003168389666825533, -2.078828401863575e-05, 0.00027526263147592545, 0.000571313314139843, 0.0008673641132190824, 0.0011634149122983217, 0.0014594655949622393, 0.0017555163940414786, 0.002051567193120718, 0.0023476178757846355, 0.0026436687912791967, 0.0029397194739431143, 0.003235770156607032, 0.003531821072101593, 0.0038278717547655106, 0.004123922437429428, 0.004419973120093346, 0.004716023802757263, 0.005012074951082468, 0.005308125633746386, 0.005604176316410303, 0.005900226999074221, 0.0061962781473994255, 0.006492328830063343, 0.006788379512727261, 0.007084430195391178, 0.007380480878055096, 0.007676531560719013, 0.00797258224338293, 0.008268632926046848, 0.008564683608710766, 0.008860734291374683, 0.009156785905361176, 0.009452836588025093, 0.00974888727068901, 0.010044937953352928]}, "gradients/graph_1model.fc1.weight": {"_type": "histogram", "values": [1.0, 2.0, 2.0, 3.0, 5.0, 5.0, 17.0, 9.0, 26.0, 46.0, 54.0, 118.0, 159.0, 222.0, 337.0, 520.0, 734.0, 1068.0, 1403.0, 2124.0, 3032.0, 4293.0, 5830.0, 7823.0, 10300.0, 13110.0, 15742.0, 18067.0, 19282.0, 24772.0, 816805.0, 17280.0, 14661.0, 11882.0, 9005.0, 6781.0, 4971.0, 3775.0, 2775.0, 1994.0, 1431.0, 1029.0, 762.0, 563.0, 381.0, 259.0, 195.0, 126.0, 74.0, 53.0, 32.0, 22.0, 17.0, 7.0, 4.0, 5.0, 2.0, 0.0, 0.0, 0.0, 1.0, 0.0, 1.0, 1.0], "bins": [-0.001717112958431244, -0.001660103676840663, -0.0016030945116654038, -0.001546085230074823, -0.0014890760648995638, -0.0014320667833089828, -0.001375057501718402, -0.001318048220127821, -0.0012610390549525619, -0.001204029773361981, -0.0011470206081867218, -0.0010900113265961409, -0.00103300204500556, -0.0009759928798303008, -0.0009189835982397199, -0.0008619743748567998, -0.0008049651514738798, -0.0007479559280909598, -0.0006909467047080398, -0.0006339374231174588, -0.0005769281997345388, -0.0005199189763516188, -0.0004629097238648683, -0.0004059004713781178, -0.0003488912479951978, -0.00029188202461227775, -0.00023487277212552726, -0.000177863534190692, -0.00012085429625585675, -6.384507287293673e-05, -6.835820386186242e-06, 5.017343210056424e-05, 0.00010718253906816244, 0.0001641917770029977, 0.00022120101493783295, 0.00027821026742458344, 0.00033521949080750346, 0.0003922287141904235, 0.00044923796667717397, 0.0005062472191639245, 0.0005632564425468445, 0.0006202656659297645, 0.0006772748893126845, 0.0007342841709032655, 0.0007912933942861855, 0.0008483026176691055, 0.0009053118992596865, 0.0009623211226426065, 0.0010193303460255265, 0.0010763396276161075, 0.0011333487927913666, 0.0011903580743819475, 0.0012473673559725285, 0.0013043765211477876, 0.0013613858027383685, 0.0014183949679136276, 0.0014754042495042086, 0.0015324135310947895, 0.0015894226962700486, 0.0016464319778606296, 0.0017034411430358887, 0.0017604504246264696, 0.0018174597062170506, 0.0018744689878076315, 0.0019314781529828906]}, "gradients/graph_1model.cell_list.1.conv_can.weight": {"_type": "histogram",