{"gradients/graph_4model.fc2.bias": {"_type": "histogram", "values": [1.0, 0.0, 0.0, 0.0, 0.0, 0.0, 0.0, 0.0, 0.0, 0.0, 0.0, 0.0, 0.0, 0.0, 0.0, 0.0, 0.0, 0.0, 1.0, 0.0, 0.0, 0.0, 0.0, 0.0, 0.0, 0.0, 0.0, 0.0, 0.0, 0.0, 0.0, 0.0, 0.0, 0.0, 0.0, 0.0, 0.0, 0.0, 2.0, 0.0, 0.0, 0.0, 0.0, 0.0, 0.0, 0.0, 1.0, 1.0, 0.0, 0.0, 1.0, 0.0, 0.0, 0.0, 1.0, 0.0, 0.0, 0.0, 0.0, 0.0, 0.0, 0.0, 1.0, 1.0], "bins": [-0.1507914960384369, -0.1472109854221344, -0.1436304748058319, -0.14004996418952942, -0.13646946847438812, -0.13288895785808563, -0.12930844724178314, -0.12572793662548065, -0.12214742600917816, -0.11856691539287567, -0.11498641222715378, -0.11140590161085129, -0.1078253909945488, -0.1042448878288269, -0.10066437721252441, -0.09708386659622192, -0.09350336343050003, -0.08992285281419754, -0.08634234964847565, -0.08276183903217316, -0.07918132841587067, -0.07560081779956818, -0.07202031463384628, -0.06843980401754379, -0.0648593008518219, -0.06127879396080971, -0.05769828334450722, -0.054117776453495026, -0.050537265837192535, -0.046956758946180344, -0.04337625205516815, -0.03979574143886566, -0.03621523082256317, -0.03263472393155098, -0.02905421331524849, -0.025473706424236298, -0.021893197670578957, -0.018312688916921616, -0.014732182025909424, -0.011151673272252083, -0.007571164518594742, -0.003990656230598688, -0.00041014794260263443, 0.003170359879732132, 0.006750868633389473, 0.010331377387046814, 0.013911884278059006, 0.017492393031716347, 0.021072901785373688, 0.02465341053903103, 0.02823391929268837, 0.03181442618370056, 0.03539493680000305, 0.038975443691015244, 0.042555950582027435, 0.046136461198329926, 0.04971696808934212, 0.05329747498035431, 0.0568779855966568, 0.06045849248766899, 0.06403899937868118, 0.06761950999498367, 0.07120001316070557, 0.07478052377700806, 0.07836103439331055]}, "_timestamp": 1691020360.9734068, "gradients/graph_4model.fc2.weight": {"_type": "histogram", "values": [2.0, 1.0, 0.0, 0.0, 0.0, 0.0, 0.0, 0.0, 0.0, 2.0, 0.0, 0.0, 2.0, 1.0, 1.0, 2.0, 2.0, 1.0, 3.0, 2.0, 2.0, 2.0, 3.0, 2.0, 5.0, 4.0, 7.0, 4.0, 3.0, 3.0, 3.0, 6.0, 5.0, 7.0, 7.0, 1.0, 11.0, 16.0, 17.0, 22.0, 37.0, 45.0, 456.0, 65.0, 55.0, 44.0, 37.0, 17.0, 16.0, 15.0, 10.0, 9.0, 5.0, 4.0, 12.0, 5.0, 3.0, 5.0, 3.0, 1.0, 2.0, 1.0, 2.0, 2.0], "bins": [-0.1505364030599594, -0.14695237576961517, -0.14336836338043213, -0.1397843360900879, -0.13620030879974365, -0.1326162964105606, -0.12903226912021637, -0.12544824182987213, -0.12186422199010849, -0.11828020215034485, -0.11469617486000061, -0.11111215502023697, -0.10752813518047333, -0.10394410789012909, -0.10036008805036545, -0.0967760682106018, -0.09319204092025757, -0.08960802108049393, -0.08602399379014969, -0.08243997395038605, -0.0788559541106224, -0.07527192682027817, -0.07168790698051453, -0.06810387969017029, -0.06451986730098724, -0.060935843735933304, -0.05735182389616966, -0.05376780033111572, -0.05018377676606178, -0.04659975320100784, -0.0430157333612442, -0.03943170979619026, -0.03584768623113632, -0.03226366266608238, -0.02867964096367359, -0.0250956192612648, -0.02151159569621086, -0.01792757399380207, -0.01434355229139328, -0.01075952872633934, -0.00717550702393055, -0.003591484623029828, -7.462222129106522e-06, 0.0035765599459409714, 0.007160582579672337, 0.010744605213403702, 0.014328626915812492, 0.017912650480866432, 0.021496672183275223, 0.025080693885684013, 0.028664717450737953, 0.032248739153146744, 0.035832762718200684, 0.039416782557964325, 0.043000806123018265, 0.046584829688072205, 0.050168849527835846, 0.053752873092889786, 0.05733689293265343, 0.06092091649770737, 0.06450493633747101, 0.06808896362781525, 0.07167298346757889, 0.07525700330734253, 0.07884103059768677]}, "gradients/graph_4model.fc1.bias": {"_type": "histogram", "values": [1.0, 0.0, 0.0, 0.0, 1.0, 0.0, 0.0, 1.0, 1.0, 0.0, 0.0, 0.0, 0.0, 0.0, 1.0, 0.0, 0.0, 0.0, 1.0, 0.0, 3.0, 1.0, 1.0, 1.0, 2.0, 2.0, 0.0, 1.0, 4.0, 1.0, 0.0, 42.0, 3.0, 2.0, 2.0, 2.0, 4.0, 3.0, 2.0, 2.0, 3.0, 5.0, 1.0, 0.0, 0.0, 1.0, 0.0, 1.0, 0.0, 1.0, 1.0, 0.0, 0.0, 0.0, 1.0, 1.0, 0.0, 0.0, 0.0, 0.0, 0.0, 0.0, 0.0, 1.0], "bins": [-0.03024611622095108, -0.029295189306139946, -0.02834426239132881, -0.027393333613872528, -0.026442406699061394, -0.02549147978425026, -0.024540552869439125, -0.02358962595462799, -0.022638697177171707, -0.021687770262360573, -0.02073684334754944, -0.019785914570093155, -0.01883498765528202, -0.017884060740470886, -0.016933133825659752, -0.015982206910848618, -0.015031279996037483, -0.014080353081226349, -0.01312942523509264, -0.012178498320281506, -0.011227570474147797, -0.010276643559336662, -0.009325716644525528, -0.008374789729714394, -0.007423861883580685, -0.006472934503108263, -0.005522007122635841, -0.004571080207824707, -0.0036201528273522854, -0.0026692254468798637, -0.0017182985320687294, -0.0007673711515963078, 0.0001835562288761139, 0.0011344834929332137, 0.0020854107569903135, 0.0030363379046320915, 0.003987265285104513, 0.004938192665576935, 0.005889119580388069, 0.006840046960860491, 0.0077909743413329124, 0.008741901256144047, 0.009692829102277756, 0.01064375601708889, 0.011594682931900024, 0.012545610778033733, 0.013496537692844868, 0.014447465538978577, 0.015398392453789711, 0.016349319368600845, 0.01730024628341198, 0.018251173198223114, 0.019202101975679398, 0.020153028890490532, 0.021103955805301666, 0.0220548827201128, 0.023005809634923935, 0.02395673654973507, 0.024907663464546204, 0.025858592242002487, 0.02680951915681362, 0.027760446071624756, 0.02871137298643589, 0.029662299901247025, 0.030613228678703308]}, "gradients/graph_4model.fc1.weight": {"_type": "histogram", "values": [1.0, 0.0, 7.0, 6.0, 6.0, 13.0, 24.0, 42.0, 48.0, 65.0, 80.0, 121.0, 148.0, 177.0, 218.0, 247.0, 321.0, 386.0, 503.0, 590.0, 863.0, 1127.0, 1427.0, 1933.0, 2453.0, 3220.0, 4581.0, 7311.0, 12208.0, 19595.0, 32591.0, 60596.0, 593195.0, 114462.0, 68873.0, 36497.0, 20821.0, 12318.0, 7619.0, 5116.0, 3611.0, 2640.0, 1928.0, 1459.0, 1086.0, 769.0, 618.0, 515.0, 354.0, 312.0, 218.0, 159.0, 132.0, 96.0, 83.0, 62.0, 44.0, 25.0, 34.0, 15.0, 13.0, 13.0, 1.0, 4.0], "bins": [-0.0051797907799482346, -0.005021895747631788, -0.004864000249654055, -0.004706105217337608, -0.004548209719359875, -0.004390314687043428, -0.004232419654726982, -0.0040745241567492485, -0.003916629124432802, -0.0037587338592857122, -0.0036008385941386223, -0.003442943561822176, -0.003285048296675086, -0.003127153031527996, -0.0029692579992115498, -0.00281136273406446, -0.00265346746891737, -0.00249557220377028, -0.00233767693862319, -0.0021797819063067436, -0.0020218866411596537, -0.0018639913760125637, -0.0017060962272807956, -0.0015482010785490274, -0.0013903058134019375, -0.0012324105482548475, -0.0010745153995230794, -0.0009166201925836504, -0.0007587249856442213, -0.0006008297787047923, -0.0004429345717653632, -0.0002850394230335951, -0.00012714462354779243, 3.075058339163661e-05, 0.00018864579033106565, 0.0003465409972704947, 0.0005044362042099237, 0.0006623314111493528, 0.0008202266180887818, 0.00097812176682055, 0.00113601703196764, 0.0012939122971147299, 0.001451807445846498, 0.0016097025945782661, 0.001767597859725356, 0.001925493124872446, 0.0020833881571888924, 0.0022412834223359823, 0.0023991786874830723, 0.0025570739526301622, 0.002714969217777252, 0.0028728642500936985, 0.0030307595152407885, 0.0031886547803878784, 0.0033465498127043247, 0.0035044450778514147, 0.0036623403429985046, 0.0038202356081455946, 0.0039781308732926846, 0.004136025905609131, 0.0042939214035868645, 0.004451816435903311, 0.004609711468219757, 0.004767606966197491, 0.004925501998513937]}, "gradients/graph_4model.cell_list.1.conv_can.weight": {"_type": "histogram",