{"gradients/model.fc2.bias": {"_type": "histogram", "values": [1.0, 1.0, 0.0, 0.0, 0.0, 0.0, 0.0, 0.0, 0.0, 0.0, 0.0, 0.0, 0.0, 0.0, 0.0, 0.0, 0.0, 0.0, 0.0, 1.0, 0.0, 0.0, 0.0, 0.0, 0.0, 2.0, 0.0, 0.0, 0.0, 0.0, 0.0, 0.0, 0.0, 0.0, 0.0, 1.0, 1.0, 0.0, 0.0, 0.0, 0.0, 0.0, 0.0, 0.0, 1.0, 0.0, 0.0, 0.0, 0.0, 0.0, 0.0, 1.0, 0.0, 0.0, 0.0, 0.0, 0.0, 0.0, 0.0, 0.0, 0.0, 0.0, 0.0, 1.0], "bins": [-0.08273124694824219, -0.08001157641410828, -0.07729189842939377, -0.07457222789525986, -0.07185254991054535, -0.06913287937641144, -0.06641320884227753, -0.06369353830814362, -0.06097386032342911, -0.0582541860640049, -0.05553451180458069, -0.05281484127044678, -0.05009516701102257, -0.04737549275159836, -0.04465582221746445, -0.04193614795804024, -0.03921647369861603, -0.03649679943919182, -0.03377712517976761, -0.031057454645633698, -0.028337780386209488, -0.02561810612678528, -0.022898433730006218, -0.020178761333227158, -0.017459087073802948, -0.014739413745701313, -0.012019740417599678, -0.009300067089498043, -0.006580393761396408, -0.003860720433294773, -0.0011410471051931381, 0.0015786252915859222, 0.004298292100429535, 0.00701796542853117, 0.009737638756632805, 0.01245731208473444, 0.015176985412836075, 0.017896659672260284, 0.020616332069039345, 0.023336004465818405, 0.026055678725242615, 0.028775352984666824, 0.031495027244091034, 0.034214697778224945, 0.036934372037649155, 0.039654046297073364, 0.042373716831207275, 0.045093391090631485, 0.047813065350055695, 0.050532739609479904, 0.053252413868904114, 0.055972084403038025, 0.058691758662462234, 0.061411432921886444, 0.06413110345602036, 0.06685078144073486, 0.06957045197486877, 0.07229012250900269, 0.0750098004937172, 0.0777294710278511, 0.08044914901256561, 0.08316881954669952, 0.08588849008083344, 0.08860816061496735, 0.09132783859968185]}, "_timestamp": 1691017253.2726467, "gradients/model.fc2.weight": {"_type": "histogram", "values": [1.0, 2.0, 3.0, 3.0, 0.0, 3.0, 2.0, 3.0, 1.0, 1.0, 5.0, 2.0, 0.0, 0.0, 1.0, 1.0, 5.0, 9.0, 0.0, 3.0, 3.0, 8.0, 5.0, 5.0, 6.0, 10.0, 19.0, 13.0, 27.0, 12.0, 692.0, 11.0, 18.0, 16.0, 15.0, 15.0, 8.0, 7.0, 4.0, 4.0, 10.0, 3.0, 5.0, 3.0, 3.0, 9.0, 2.0, 2.0, 2.0, 1.0, 2.0, 1.0, 2.0, 2.0, 1.0, 0.0, 1.0, 2.0, 1.0, 1.0, 0.0, 2.0, 1.0, 1.0], "bins": [-0.07003926485776901, -0.06775248050689697, -0.06546569615602493, -0.0631789118051529, -0.06089212745428085, -0.058605343103408813, -0.05631856247782707, -0.05403177812695503, -0.05174499377608299, -0.04945820942521095, -0.04717142507433891, -0.04488464072346687, -0.04259786009788513, -0.04031107574701309, -0.03802429139614105, -0.03573750704526901, -0.03345072269439697, -0.031163938343524933, -0.028877153992652893, -0.026590371504426003, -0.024303587153553963, -0.022016802802681923, -0.019730020314455032, -0.017443235963582993, -0.015156451612710953, -0.012869667261838913, -0.010582883842289448, -0.008296100422739983, -0.006009316071867943, -0.003722531720995903, -0.0014357483014464378, 0.0008510351181030273, 0.003137826919555664, 0.0054246108047664165, 0.007711394689977169, 0.009998178109526634, 0.012284962460398674, 0.014571746811270714, 0.016858529299497604, 0.019145313650369644, 0.021432098001241684, 0.023718882352113724, 0.026005666702985764, 0.028292449191212654, 0.030579233542084694, 0.032866016030311584, 0.035152800381183624, 0.037439584732055664, 0.039726369082927704, 0.042013153433799744, 0.04429993778467178, 0.04658672213554382, 0.04887350648641586, 0.0511602908372879, 0.053447071462869644, 0.055733855813741684, 0.058020640164613724, 0.060307424515485764, 0.0625942051410675, 0.06488098949193954, 0.06716777384281158, 0.06945455819368362, 0.07174134254455566, 0.0740281268954277, 0.07631491124629974]}, "gradients/model.fc1.bias": {"_type": "histogram", "values": [2.0, 0.0, 0.0, 0.0, 0.0, 0.0, 0.0, 0.0, 0.0, 0.0, 0.0, 2.0, 0.0, 0.0, 0.0, 0.0, 1.0, 0.0, 2.0, 1.0, 4.0, 2.0, 1.0, 0.0, 0.0, 0.0, 0.0, 0.0, 1.0, 0.0, 1.0, 1.0, 1.0, 0.0, 64.0, 3.0, 2.0, 0.0, 1.0, 0.0, 1.0, 4.0, 0.0, 1.0, 0.0, 1.0, 1.0, 0.0, 2.0, 0.0, 0.0, 0.0, 0.0, 0.0, 0.0, 0.0, 0.0, 0.0, 0.0, 0.0, 0.0, 0.0, 0.0, 1.0], "bins": [-0.01877344399690628, -0.018224524334073067, -0.017675604671239853, -0.01712668500840664, -0.016577765345573425, -0.01602884568274021, -0.015479926951229572, -0.014931007288396358, -0.014382087625563145, -0.013833167962729931, -0.013284248299896717, -0.012735328637063503, -0.012186409905552864, -0.01163749024271965, -0.011088570579886436, -0.010539650917053223, -0.009990731254220009, -0.009441811591386795, -0.008892891928553581, -0.008343972265720367, -0.007795053068548441, -0.007246133405715227, -0.006697214208543301, -0.006148294545710087, -0.005599374882876873, -0.005050455220043659, -0.004501535557210445, -0.003952616360038519, -0.003403696697205305, -0.0028547770343720913, -0.002305857604369521, -0.001756938174366951, -0.0012080185115337372, -0.0006590989651158452, -0.00011017941869795322, 0.00043874012771993876, 0.0009876596741378307, 0.0015365793369710445, 0.0020854987669736147, 0.002634418196976185, 0.0031833378598093987, 0.0037322575226426125, 0.004281177185475826, 0.004830096382647753, 0.005379016045480967, 0.00592793570831418, 0.006476854905486107, 0.007025774568319321, 0.0075746942311525345, 0.008123613893985748, 0.008672533556818962, 0.009221453219652176, 0.00977037288248539, 0.010319292545318604, 0.010868211276829243, 0.011417130939662457, 0.01196605060249567, 0.012514970265328884, 0.013063889928162098, 0.013612809590995312, 0.014161728322505951, 0.014710647985339165, 0.015259567648172379, 0.015808487311005592, 0.016357406973838806]}, "gradients/model.fc1.weight": {"_type": "histogram", "values": [1.0, 0.0, 0.0, 0.0, 0.0, 0.0, 1.0, 4.0, 5.0, 7.0, 13.0, 31.0, 48.0, 75.0, 98.0, 174.0, 235.0, 318.0, 494.0, 692.0, 894.0, 1308.0, 1807.0, 2511.0, 3586.0, 4946.0, 6684.0, 9077.0, 12003.0, 15373.0, 19116.0, 23082.0, 26981.0, 30803.0, 42682.0, 691597.0, 35559.0, 27718.0, 19915.0, 14375.0, 10002.0, 6872.0, 4932.0, 3256.0, 2189.0, 1485.0, 1018.0, 640.0, 435.0, 314.0, 223.0, 152.0, 109.0, 58.0, 36.0, 31.0, 9.0, 15.0, 8.0, 1.0, 1.0, 0.0, 0.0, 1.0], "bins": [-0.0008825704571790993, -0.0008575539104640484, -0.0008325374219566584, -0.0008075208752416074, -0.0007825043285265565, -0.0007574877818115056, -0.0007324712350964546, -0.0007074547465890646, -0.0006824381998740137, -0.0006574216531589627, -0.0006324051646515727, -0.0006073886179365218, -0.0005823720712214708, -0.0005573555245064199, -0.000532338977791369, -0.0005073224892839789, -0.000482305942568928, -0.00045728939585387707, -0.0004322728782426566, -0.0004072563606314361, -0.0003822398139163852, -0.00035722326720133424, -0.00033220674959011376, -0.0003071902319788933, -0.00028217368526384234, -0.0002571571385487914, -0.00023214062093757093, -0.00020712408877443522, -0.00018210755661129951, -0.0001570910244481638, -0.0001320744922850281, -0.00010705796012189239, -8.204142795875669e-05, -5.702489579562098e-05, -3.200836363248527e-05, -6.991831469349563e-06, 1.8024700693786144e-05, 4.304123285692185e-05, 6.805776502005756e-05, 9.307429718319327e-05, 0.00011809082934632897, 0.00014310736150946468, 0.0001681238936726004, 0.0001931404258357361, 0.0002181569579988718, 0.0002431734901620075, 0.0002681900223251432, 0.0002932065399363637, 0.00031822308665141463, 0.00034323963336646557, 0.00036825615097768605, 0.0003932726685889065, 0.00041828921530395746, 0.0004433057620190084, 0.0004683222796302289, 0.0004933387972414494, 0.0005183553439565003, 0.0005433718906715512, 0.0005683883791789412, 0.0005934049258939922, 0.0006184214726090431, 0.0006434380193240941, 0.000668454566039145, 0.000693471054546535, 0.000718487601261586]}, "gradients/model.cell_list.1.conv_can.weight": {"_type": "histogram",