{"gradients/graph_8model.fc2.bias": {"_type": "histogram", "values": [1.0, 0.0, 0.0, 0.0, 0.0, 0.0, 0.0, 0.0, 0.0, 0.0, 0.0, 0.0, 0.0, 0.0, 0.0, 0.0, 0.0, 0.0, 0.0, 1.0, 0.0, 0.0, 0.0, 0.0, 0.0, 0.0, 0.0, 0.0, 0.0, 0.0, 0.0, 1.0, 1.0, 0.0, 1.0, 0.0, 0.0, 1.0, 0.0, 1.0, 0.0, 0.0, 0.0, 0.0, 0.0, 0.0, 0.0, 0.0, 1.0, 0.0, 1.0, 0.0, 0.0, 0.0, 0.0, 0.0, 0.0, 0.0, 0.0, 0.0, 0.0, 0.0, 0.0, 1.0], "bins": [-0.10766593366861343, -0.10465878248214722, -0.1016516387462616, -0.09864448755979538, -0.09563734382390976, -0.09263019263744354, -0.08962304890155792, -0.0866158977150917, -0.08360875397920609, -0.08060160279273987, -0.07759445905685425, -0.07458730787038803, -0.07158016413450241, -0.0685730129480362, -0.06556586921215057, -0.06255871802568436, -0.05955157056450844, -0.05654442310333252, -0.0535372756421566, -0.05053012818098068, -0.047522980719804764, -0.044515833258628845, -0.04150868207216263, -0.03850153833627701, -0.03549438714981079, -0.03248723968863487, -0.029480092227458954, -0.026472944766283035, -0.023465797305107117, -0.020458649843931198, -0.01745150052011013, -0.014444353058934212, -0.011437207460403442, -0.008430059999227524, -0.005422912072390318, -0.002415764145553112, 0.0005913833156228065, 0.003598530776798725, 0.006605679169297218, 0.009612826630473137, 0.012619974091649055, 0.015627121552824974, 0.018634269014000893, 0.02164141833782196, 0.02464856579899788, 0.027655713260173798, 0.030662860721349716, 0.033670008182525635, 0.03667715564370155, 0.03968430310487747, 0.04269145056605339, 0.04569859802722931, 0.04870574548840523, 0.051712892949581146, 0.05472004413604736, 0.05772718787193298, 0.0607343390583992, 0.06374149024486542, 0.06674863398075104, 0.06975578516721725, 0.07276292890310287, 0.07577008008956909, 0.07877722382545471, 0.08178437501192093, 0.08479151874780655]}, "_timestamp": 1691021617.2588222, "gradients/graph_8model.fc2.weight": {"_type": "histogram", "values": [2.0, 0.0, 0.0, 0.0, 0.0, 0.0, 0.0, 1.0, 1.0, 0.0, 0.0, 0.0, 0.0, 1.0, 1.0, 1.0, 1.0, 6.0, 1.0, 2.0, 1.0, 5.0, 3.0, 5.0, 2.0, 2.0, 5.0, 6.0, 9.0, 7.0, 3.0, 11.0, 14.0, 42.0, 610.0, 121.0, 24.0, 17.0, 7.0, 16.0, 16.0, 10.0, 10.0, 2.0, 6.0, 4.0, 6.0, 4.0, 1.0, 6.0, 1.0, 1.0, 2.0, 0.0, 0.0, 0.0, 1.0, 1.0, 0.0, 0.0, 0.0, 0.0, 0.0, 2.0], "bins": [-0.10973776876926422, -0.1066015362739563, -0.10346530377864838, -0.10032907128334045, -0.09719283878803253, -0.09405660629272461, -0.09092038124799728, -0.08778414875268936, -0.08464791625738144, -0.08151168376207352, -0.0783754512667656, -0.07523921877145767, -0.07210299372673035, -0.06896676123142242, -0.0658305287361145, -0.06269429624080658, -0.05955806374549866, -0.056421831250190735, -0.05328559875488281, -0.05014936998486519, -0.047013137489557266, -0.043876904994249344, -0.04074067622423172, -0.0376044437289238, -0.034468211233615875, -0.03133197873830795, -0.02819574810564518, -0.025059517472982407, -0.021923284977674484, -0.018787052482366562, -0.01565082184970379, -0.012514591217041016, -0.009378358721733093, -0.0062421271577477455, -0.0031058955937623978, 3.033597022294998e-05, 0.0031665675342082977, 0.00630280002951622, 0.009439030662178993, 0.012575261294841766, 0.01571149379014969, 0.01884772628545761, 0.021983956918120384, 0.025120187550783157, 0.02825642004609108, 0.031392652541399, 0.034528881311416626, 0.03766511380672455, 0.04080134630203247, 0.04393757879734039, 0.047073811292648315, 0.05021004006266594, 0.05334627255797386, 0.056482505053281784, 0.05961873382329941, 0.06275496631860733, 0.06589119881391525, 0.06902743130922318, 0.0721636638045311, 0.07529989629983902, 0.07843612134456635, 0.08157235383987427, 0.08470858633518219, 0.08784481883049011, 0.09098105132579803]}, "gradients/graph_8model.fc1.bias": {"_type": "histogram", "values": [1.0, 1.0, 0.0, 0.0, 0.0, 0.0, 1.0, 0.0, 2.0, 0.0, 0.0, 0.0, 0.0, 0.0, 1.0, 2.0, 2.0, 1.0, 0.0, 1.0, 2.0, 2.0, 0.0, 4.0, 2.0, 0.0, 0.0, 2.0, 47.0, 1.0, 3.0, 2.0, 0.0, 2.0, 3.0, 1.0, 0.0, 0.0, 1.0, 1.0, 3.0, 2.0, 1.0, 0.0, 0.0, 2.0, 1.0, 1.0, 0.0, 0.0, 0.0, 0.0, 0.0, 1.0, 0.0, 0.0, 2.0, 0.0, 1.0, 0.0, 0.0, 0.0, 0.0, 1.0], "bins": [-0.01684366539120674, -0.016256555914878845, -0.01566944643855095, -0.015082336030900478, -0.014495226554572582, -0.013908117078244686, -0.013321006670594215, -0.01273389719426632, -0.012146787717938423, -0.011559678241610527, -0.010972568765282631, -0.01038545835763216, -0.009798348881304264, -0.009211239404976368, -0.008624128997325897, -0.008037019520998001, -0.007449910044670105, -0.006862800568342209, -0.0062756906263530254, -0.005688580684363842, -0.005101471208035946, -0.00451436173170805, -0.003927251789718866, -0.003340141847729683, -0.002753032371401787, -0.002165922662243247, -0.0015788129530847073, -0.0009917032439261675, -0.0004045935347676277, 0.00018251617439091206, 0.0007696258835494518, 0.0013567358255386353, 0.0019438453018665314, 0.002530955011025071, 0.003118064720183611, 0.0037051744293421507, 0.0042922841385006905, 0.004879393614828587, 0.00546650355681777, 0.006053613498806953, 0.0066407229751348495, 0.007227832451462746, 0.007814941927790642, 0.008402052335441113, 0.008989161811769009, 0.009576271288096905, 0.010163381695747375, 0.010750491172075272, 0.011337600648403168, 0.011924710124731064, 0.01251181960105896, 0.01309893000870943, 0.013686039485037327, 0.014273148961365223, 0.014860259369015694, 0.01544736884534359, 0.016034478321671486, 0.016621587797999382, 0.017208697274327278, 0.017795806750655174, 0.01838291808962822, 0.018970027565956116, 0.019557137042284012, 0.020144246518611908, 0.020731355994939804]}, "gradients/graph_8model.fc1.weight": {"_type": "histogram", "values": [2.0, 7.0, 5.0, 11.0, 18.0, 24.0, 33.0, 49.0, 63.0, 127.0, 137.0, 204.0, 282.0, 396.0, 543.0, 786.0, 1051.0, 1519.0, 2154.0, 2858.0, 3936.0, 5383.0, 7170.0, 10200.0, 13769.0, 18758.0, 25583.0, 34662.0, 45786.0, 589514.0, 52258.0, 46201.0, 38819.0, 30364.0, 23093.0, 17174.0, 13079.0, 9514.0, 7307.0, 5218.0, 4095.0, 3066.0, 2277.0, 1680.0, 1300.0, 905.0, 716.0, 468.0, 396.0, 294.0, 208.0, 161.0, 107.0, 102.0, 65.0, 37.0, 27.0, 14.0, 11.0, 6.0, 3.0, 4.0, 0.0, 1.0], "bins": [-0.0014119602274149656, -0.0013647674350067973, -0.001317574642598629, -0.0012703818501904607, -0.0012231890577822924, -0.001175996265374124, -0.0011288034729659557, -0.0010816105641424656, -0.001034417888149619, -0.0009872250957414508, -0.0009400323033332825, -0.0008928395109251142, -0.0008456467185169458, -0.0007984539261087775, -0.0007512610754929483, -0.00070406828308478, -0.0006568754324689507, -0.0006096826400607824, -0.0005624898476526141, -0.0005152970552444458, -0.00046810423373244703, -0.0004209114413242787, -0.00037371861981227994, -0.0003265258274041116, -0.0002793330349959433, -0.000232140242587775, -0.00018494743562769145, -0.0001377546286676079, -9.056183625943959e-05, -4.336904385127127e-05, 3.823777660727501e-06, 5.101657006889582e-05, 9.820936247706413e-05, 0.00014540215488523245, 0.000192594961845316, 0.00023978776880539954, 0.00028698056121356785, 0.00033417335362173617, 0.00038136617513373494, 0.00042855896754190326, 0.0004757517599500716, 0.0005229445523582399, 0.0005701373447664082, 0.0006173301953822374, 0.0006645229877904058, 0.0007117157801985741, 0.0007589085726067424, 0.0008061013650149107, 0.000853294157423079, 0.0009004869498312473, 0.0009476797422394156, 0.000994872534647584, 0.0010420653270557523, 0.0010892581194639206, 0.0011364510282874107, 0.0011836437042802572, 0.0012308366131037474, 0.0012780294055119157, 0.001325222197920084, 0.0013724149903282523, 0.0014196077827364206, 0.001466800575144589, 0.0015139933675527573, 0.0015611862763762474, 0.001608378952369094]}, "gradients/graph_8model.cell_list.1.conv_can.weight": {"_type": "histogram",