{"gradients/graph_3model.fc2.bias": {"_type": "histogram", "values": [1.0, 0.0, 0.0, 0.0, 1.0, 0.0, 0.0, 0.0, 0.0, 0.0, 0.0, 0.0, 0.0, 1.0, 0.0, 0.0, 0.0, 0.0, 0.0, 0.0, 0.0, 0.0, 0.0, 0.0, 0.0, 0.0, 0.0, 1.0, 0.0, 0.0, 0.0, 0.0, 0.0, 0.0, 0.0, 0.0, 0.0, 0.0, 1.0, 3.0, 0.0, 1.0, 0.0, 0.0, 0.0, 0.0, 0.0, 0.0, 0.0, 0.0, 0.0, 0.0, 0.0, 0.0, 0.0, 0.0, 0.0, 0.0, 0.0, 0.0, 0.0, 0.0, 0.0, 1.0], "bins": [-0.020413102582097054, -0.01975283771753311, -0.01909257471561432, -0.018432309851050377, -0.017772046849131584, -0.017111781984567642, -0.01645151898264885, -0.015791254118084908, -0.01513099018484354, -0.014470726251602173, -0.013810462318360806, -0.013150198385119438, -0.012489933520555496, -0.011829670518636703, -0.011169405654072762, -0.010509141720831394, -0.009848877787590027, -0.00918861385434866, -0.008528349921107292, -0.00786808505654335, -0.00720782158896327, -0.006547557655721903, -0.005887293256819248, -0.005227029323577881, -0.0045667653903365135, -0.003906501457095146, -0.003246237291023135, -0.002585973124951124, -0.0019257091917097569, -0.0012654452584683895, -0.0006051808595657349, 5.508307367563248e-05, 0.0007153470069169998, 0.001375611056573689, 0.002035875106230378, 0.002696139272302389, 0.0033564032055437565, 0.004016667138785124, 0.0046769315376877785, 0.005337195470929146, 0.005997459404170513, 0.0066577233374118805, 0.007317987270653248, 0.007978251203894615, 0.008638516068458557, 0.00929877907037735, 0.009959043934941292, 0.01061930786818266, 0.011279571801424026, 0.011939835734665394, 0.012600099667906761, 0.013260364532470703, 0.013920627534389496, 0.014580892398953438, 0.015241156332194805, 0.015901420265436172, 0.016561683267354965, 0.017221948131918907, 0.0178822111338377, 0.018542475998401642, 0.019202739000320435, 0.019863003864884377, 0.02052326872944832, 0.02118353173136711, 0.021843796595931053]}, "_timestamp": 1691020049.2815118, "gradients/graph_3model.fc2.weight": {"_type": "histogram", "values": [1.0, 1.0, 0.0, 0.0, 0.0, 0.0, 0.0, 0.0, 0.0, 0.0, 0.0, 0.0, 2.0, 0.0, 1.0, 0.0, 0.0, 2.0, 0.0, 3.0, 2.0, 3.0, 2.0, 4.0, 3.0, 8.0, 5.0, 10.0, 14.0, 11.0, 815.0, 35.0, 34.0, 16.0, 9.0, 2.0, 0.0, 2.0, 2.0, 4.0, 2.0, 2.0, 0.0, 1.0, 2.0, 0.0, 1.0, 0.0, 0.0, 0.0, 0.0, 0.0, 0.0, 0.0, 0.0, 0.0, 0.0, 0.0, 0.0, 0.0, 0.0, 0.0, 0.0, 1.0], "bins": [-0.47095024585723877, -0.4554966986179352, -0.4400431513786316, -0.4245895743370056, -0.409136027097702, -0.39368247985839844, -0.37822893261909485, -0.36277538537979126, -0.3473218083381653, -0.3318682610988617, -0.3164147138595581, -0.30096113681793213, -0.28550758957862854, -0.27005404233932495, -0.25460049510002136, -0.23914694786071777, -0.22369340062141418, -0.2082398533821106, -0.1927862912416458, -0.17733274400234222, -0.16187918186187744, -0.14642563462257385, -0.13097208738327026, -0.11551853269338608, -0.10006497800350189, -0.0846114233136177, -0.06915786862373352, -0.05370432138442993, -0.038250766694545746, -0.02279721200466156, -0.007343664765357971, 0.008109889924526215, 0.0235634446144104, 0.039016999304294586, 0.054470550268888474, 0.06992410123348236, 0.08537765592336655, 0.10083121061325073, 0.11628475785255432, 0.1317383050918579, 0.1471918672323227, 0.16264541447162628, 0.17809897661209106, 0.19355252385139465, 0.20900607109069824, 0.22445963323116302, 0.2399131804704666, 0.2553667426109314, 0.270820289850235, 0.2862738370895386, 0.30172738432884216, 0.31718093156814575, 0.33263450860977173, 0.3480880558490753, 0.3635416030883789, 0.3789951503276825, 0.3944486975669861, 0.4099022448062897, 0.42535579204559326, 0.44080936908721924, 0.4562629163265228, 0.4717164635658264, 0.48717001080513, 0.5026235580444336, 0.5180771350860596]}, "gradients/graph_3model.fc1.bias": {"_type": "histogram", "values": [1.0, 0.0, 0.0, 0.0, 0.0, 0.0, 2.0, 0.0, 0.0, 0.0, 0.0, 1.0, 0.0, 2.0, 1.0, 0.0, 0.0, 0.0, 1.0, 2.0, 1.0, 0.0, 0.0, 1.0, 1.0, 77.0, 0.0, 0.0, 1.0, 0.0, 2.0, 0.0, 0.0, 0.0, 0.0, 0.0, 1.0, 0.0, 0.0, 0.0, 0.0, 0.0, 1.0, 0.0, 0.0, 0.0, 0.0, 0.0, 0.0, 2.0, 0.0, 0.0, 0.0, 0.0, 1.0, 0.0, 1.0, 0.0, 0.0, 0.0, 0.0, 0.0, 0.0, 1.0], "bins": [-0.009568554349243641, -0.009199756197631359, -0.008830957114696503, -0.008462158963084221, -0.008093359880149364, -0.007724561262875795, -0.007355762645602226, -0.0069869644939899445, -0.006618165411055088, -0.006249366793781519, -0.00588056817650795, -0.005511769559234381, -0.005142970941960812, -0.0047741723246872425, -0.004405373707413673, -0.004036575555801392, -0.0036677769385278225, -0.0032989783212542534, -0.0029301797039806843, -0.002561381086707115, -0.002192582469433546, -0.0018237839685752988, -0.0014549854677170515, -0.0010861868504434824, -0.0007173882331699133, -0.00034858964500017464, 2.020894316956401e-05, 0.0003890075022354722, 0.0007578061195090413, 0.0011266047367826104, 0.0014954032376408577, 0.0018642018549144268, 0.002233000472187996, 0.002601799089461565, 0.002970597706735134, 0.0033393963240087032, 0.0037081949412822723, 0.0040769935585558414, 0.0044457921758294106, 0.004814590327441692, 0.005183389410376549, 0.005552188027650118, 0.005920986644923687, 0.006289785262197256, 0.006658583879470825, 0.007027382496744394, 0.007396181114017963, 0.007764979265630245, 0.008133778348565102, 0.008502576500177383, 0.00887137558311224, 0.009240173734724522, 0.009608972817659378, 0.00997777096927166, 0.010346570052206516, 0.010715368203818798, 0.01108416635543108, 0.011452964507043362, 0.011821763589978218, 0.0121905617415905, 0.012559360824525356, 0.012928158976137638, 0.013296958059072495, 0.013665756210684776, 0.014034555293619633]}, "gradients/graph_3model.fc1.weight": {"_type": "histogram", "values": [2.0, 2.0, 8.0, 11.0, 7.0, 18.0, 27.0, 29.0, 53.0, 50.0, 79.0, 90.0, 128.0, 191.0, 253.0, 392.0, 601.0, 986.0, 1439.0, 2086.0, 3444.0, 6727.0, 14475.0, 936579.0, 29613.0, 10091.0, 5155.0, 3043.0, 2117.0, 1436.0, 1004.0, 798.0, 606.0, 458.0, 356.0, 303.0, 224.0, 190.0, 172.0, 122.0, 105.0, 91.0, 82.0, 70.0, 69.0, 37.0, 29.0, 16.0, 22.0, 18.0, 16.0, 11.0, 12.0, 8.0, 14.0, 11.0, 8.0, 6.0, 4.0, 2.0, 1.0, 1.0, 0.0, 2.0], "bins": [-0.01194541621953249, -0.011446936056017876, -0.010948454961180687, -0.010449974797666073, -0.009951494634151459, -0.00945301353931427, -0.008954533375799656, -0.008456053212285042, -0.007957572117447853, -0.007459091488271952, -0.006960611324757338, -0.006462130695581436, -0.005963650532066822, -0.005465169902890921, -0.004966689273715019, -0.004468209110200405, -0.003969728946685791, -0.0034712485503405333, -0.0029727681539952755, -0.002474287524819374, -0.0019758071284741163, -0.0014773267321288586, -0.0009788461029529572, -0.0004803657066076994, 1.8114689737558365e-05, 0.000516595144290477, 0.0010150755988433957, 0.0015135561116039753, 0.002012036507949233, 0.002510516904294491, 0.0030089975334703922, 0.00350747792981565, 0.004005959257483482, 0.004504439886659384, 0.005002920050173998, 0.005501400679349899, 0.005999880842864513, 0.006498361472040415, 0.006996842101216316, 0.00749532226473093, 0.007993802428245544, 0.008492282591760159, 0.008990763686597347, 0.009489243850111961, 0.009987724013626575, 0.01048620417714119, 0.010984685271978378, 0.011483165435492992, 0.011981646530330181, 0.012480126693844795, 0.012978607788681984, 0.013477087952196598, 0.013975568115711212, 0.014474049210548401, 0.014972529374063015, 0.015471009537577629, 0.015969490632414818, 0.016467971727252007, 0.016966450959444046, 0.017464932054281235, 0.017963413149118423, 0.018461892381310463, 0.01896037347614765, 0.01945885457098484, 0.01995733380317688]}, "gradients/graph_3model.cell_list.1.conv_can.weight": {"_type": "histogram", "values": [2.0, 1.0, 1.0, 1.0, 0.0, 1.0, 0.0, 0.0, 1.0, 0.0, 2.0, 2.0, 3.0, 0.0, 3.0, 0.0, 0.0, 0.0, 0.0, 1.0, 0.0, 0.0, 0.0, 0.0, 0.0, 2.0, 5.0, 4.0, 3.0, 2.0, 3.0, 9.0, 7.0, 4.0, 7.0, 14.0, 15.0, 24.0, 24.0, 35.0, 37.0, 1291.0, 36.0, 34.0, 40.0, 29.0, 18.0, 11.0, 13.0, 12.0, 16.0, 21.0, 11.0, 12.0, 6.0, 6.0, 8.0, 4.0, 6.0, 7.0, 2.0, 2.0, 0.0, 2.0],