{"gradients/graph_2model.fc2.bias": {"_type": "histogram", "values": [1.0, 1.0, 0.0, 0.0, 0.0, 0.0, 0.0, 0.0, 1.0, 0.0, 0.0, 0.0, 0.0, 1.0, 0.0, 0.0, 0.0, 0.0, 0.0, 0.0, 0.0, 1.0, 0.0, 1.0, 0.0, 2.0, 0.0, 0.0, 0.0, 0.0, 0.0, 1.0, 0.0, 0.0, 0.0, 0.0, 0.0, 0.0, 0.0, 0.0, 0.0, 0.0, 0.0, 0.0, 0.0, 0.0, 0.0, 0.0, 0.0, 0.0, 0.0, 0.0, 0.0, 0.0, 0.0, 0.0, 0.0, 0.0, 0.0, 0.0, 0.0, 0.0, 0.0, 1.0], "bins": [-0.019000770524144173, -0.018119914457201958, -0.017239058390259743, -0.016358202323317528, -0.015477346256375313, -0.014596490189433098, -0.013715634122490883, -0.012834778055548668, -0.011953921988606453, -0.011073065921664238, -0.010192209854722023, -0.009311353787779808, -0.008430497720837593, -0.007549641653895378, -0.006668785586953163, -0.005787929520010948, -0.004907073453068733, -0.004026217386126518, -0.0031453613191843033, -0.0022645052522420883, -0.0013836491852998734, -0.0005027931183576584, 0.0003780629485845566, 0.0012589190155267715, 0.0021397750824689865, 0.0030206311494112015, 0.0039014872163534164, 0.004782343283295631, 0.005663199350237846, 0.006544055417180061, 0.007424911484122276, 0.008305767551064491, 0.009186625480651855, 0.01006748154759407, 0.010948337614536285, 0.0118291936814785, 0.012710049748420715, 0.01359090581536293, 0.014471761882305145, 0.01535261794924736, 0.016233474016189575, 0.01711433008313179, 0.017995186150074005, 0.01887604221701622, 0.019756898283958435, 0.02063775435090065, 0.021518610417842865, 0.02239946648478508, 0.023280322551727295, 0.02416117861866951, 0.025042034685611725, 0.02592289075255394, 0.026803746819496155, 0.02768460288643837, 0.028565458953380585, 0.0294463150203228, 0.030327171087265015, 0.03120802715420723, 0.032088883221149445, 0.03296973928809166, 0.033850595355033875, 0.03473145142197609, 0.035612307488918304, 0.03649316355586052, 0.037374019622802734]}, "_timestamp": 1691019745.8872328, "gradients/graph_2model.fc2.weight": {"_type": "histogram", "values": [1.0, 1.0, 0.0, 1.0, 0.0, 2.0, 0.0, 0.0, 2.0, 1.0, 0.0, 0.0, 3.0, 5.0, 6.0, 5.0, 12.0, 4.0, 3.0, 5.0, 6.0, 11.0, 844.0, 22.0, 11.0, 12.0, 10.0, 10.0, 3.0, 2.0, 4.0, 1.0, 0.0, 3.0, 0.0, 2.0, 1.0, 1.0, 1.0, 0.0, 0.0, 0.0, 0.0, 0.0, 0.0, 0.0, 0.0, 0.0, 2.0, 0.0, 0.0, 1.0, 0.0, 0.0, 0.0, 1.0, 0.0, 0.0, 0.0, 0.0, 0.0, 0.0, 0.0, 1.0], "bins": [-0.2499159425497055, -0.23899352550506592, -0.22807112336158752, -0.21714870631694794, -0.20622628927230835, -0.19530388712882996, -0.18438147008419037, -0.17345905303955078, -0.1625366508960724, -0.1516142338514328, -0.1406918317079544, -0.12976941466331482, -0.11884700506925583, -0.10792459547519684, -0.09700217843055725, -0.08607976883649826, -0.07515735924243927, -0.06423494964838028, -0.05331253632903099, -0.0423901230096817, -0.03146771341562271, -0.02054530382156372, -0.009622886776924133, 0.0012995228171348572, 0.012221932411193848, 0.023144343867897987, 0.03406675532460213, 0.044989168643951416, 0.055911578238010406, 0.0668339878320694, 0.07775640487670898, 0.08867881447076797, 0.09960120916366577, 0.11052361875772476, 0.12144602835178375, 0.13236844539642334, 0.14329084753990173, 0.15421326458454132, 0.1651356816291809, 0.1760580837726593, 0.1869805008172989, 0.19790291786193848, 0.20882532000541687, 0.21974773705005646, 0.23067015409469604, 0.24159255623817444, 0.25251495838165283, 0.2634373903274536, 0.274359792470932, 0.2852821946144104, 0.2962046265602112, 0.3071270287036896, 0.31804943084716797, 0.32897186279296875, 0.33989426493644714, 0.35081666707992554, 0.3617390990257263, 0.3726615011692047, 0.3835839331150055, 0.3945063352584839, 0.4054287374019623, 0.4163511395454407, 0.42727357149124146, 0.43819597363471985, 0.44911837577819824]}, "gradients/graph_2model.fc1.bias": {"_type": "histogram", "values": [1.0, 0.0, 0.0, 0.0, 0.0, 0.0, 1.0, 0.0, 1.0, 0.0, 0.0, 0.0, 0.0, 0.0, 0.0, 0.0, 0.0, 1.0, 0.0, 0.0, 0.0, 0.0, 1.0, 0.0, 3.0, 1.0, 0.0, 0.0, 2.0, 81.0, 2.0, 1.0, 0.0, 0.0, 0.0, 0.0, 0.0, 2.0, 0.0, 1.0, 0.0, 0.0, 0.0, 0.0, 0.0, 0.0, 0.0, 1.0, 0.0, 0.0, 0.0, 0.0, 0.0, 0.0, 0.0, 0.0, 0.0, 0.0, 0.0, 0.0, 0.0, 0.0, 0.0, 1.0], "bins": [-0.024119775742292404, -0.02329840511083603, -0.022477034479379654, -0.02165566384792328, -0.020834293216466904, -0.02001292258501053, -0.019191551953554153, -0.01837018132209778, -0.017548810690641403, -0.016727440059185028, -0.015906069427728653, -0.015084698796272278, -0.014263328164815903, -0.013441957533359528, -0.012620585970580578, -0.011799215339124203, -0.010977843776345253, -0.010156473144888878, -0.009335102513432503, -0.008513731881976128, -0.007692360784858465, -0.00687099015340209, -0.006049619056284428, -0.0052282484248280525, -0.004406877793371677, -0.0035855071619153023, -0.0027641362976282835, -0.0019427654333412647, -0.0011213948018848896, -0.0003000241704285145, 0.000521346926689148, 0.001342717558145523, 0.002164088189601898, 0.0029854588210582733, 0.003806829685345292, 0.004628200549632311, 0.005449571181088686, 0.006270941812545061, 0.0070923129096627235, 0.007913683541119099, 0.008735054172575474, 0.009556424804031849, 0.010377795435488224, 0.011199166998267174, 0.012020537629723549, 0.012841908261179924, 0.0136632788926363, 0.014484649524092674, 0.01530602015554905, 0.016127390787005424, 0.0169487614184618, 0.017770132049918175, 0.01859150268137455, 0.019412873312830925, 0.02023424580693245, 0.021055616438388824, 0.0218769870698452, 0.022698357701301575, 0.02351972833275795, 0.024341098964214325, 0.0251624695956707, 0.025983840227127075, 0.02680521085858345, 0.027626581490039825, 0.0284479521214962]}, "gradients/graph_2model.fc1.weight": {"_type": "histogram", "values": [2.0, 0.0, 0.0, 2.0, 1.0, 3.0, 5.0, 9.0, 4.0, 5.0, 11.0, 15.0, 19.0, 19.0, 36.0, 47.0, 49.0, 48.0, 79.0, 92.0, 165.0, 234.0, 332.0, 571.0, 920.0, 1616.0, 2975.0, 6051.0, 12838.0, 962463.0, 20261.0, 6918.0, 3045.0, 1781.0, 994.0, 748.0, 457.0, 339.0, 233.0, 154.0, 94.0, 93.0, 52.0, 46.0, 31.0, 27.0, 30.0, 17.0, 15.0, 10.0, 6.0, 5.0, 7.0, 8.0, 1.0, 4.0, 6.0, 2.0, 1.0, 2.0, 0.0, 1.0, 0.0, 1.0], "bins": [-0.01744724065065384, -0.01686176471412182, -0.016276288777589798, -0.015690810978412628, -0.015105335041880608, -0.014519859105348587, -0.013934382237493992, -0.013348905369639397, -0.012763429433107376, -0.012177953496575356, -0.01159247662872076, -0.011006999760866165, -0.010421523824334145, -0.009836047887802124, -0.009250571019947529, -0.008665094152092934, -0.008079618215560913, -0.007494141813367605, -0.006908665411174297, -0.0063231890089809895, -0.005737712606787682, -0.005152236204594374, -0.004566759802401066, -0.003981283400207758, -0.00339580699801445, -0.002810330595821142, -0.0022248541936278343, -0.0016393777914345264, -0.0010539013892412186, -0.0004684249870479107, 0.00011705141514539719, 0.0007025278173387051, 0.0012880023568868637, 0.0018734787590801716, 0.0024589551612734795, 0.0030444315634667873, 0.003629907965660095, 0.004215384367853403, 0.004800860770046711, 0.005386337172240019, 0.005971813574433327, 0.006557289976626635, 0.0071427663788199425, 0.00772824278101325, 0.008313719183206558, 0.008899195119738579, 0.009484671987593174, 0.01007014885544777, 0.01065562479197979, 0.01124110072851181, 0.011826577596366405, 0.012412054464221, 0.012997530400753021, 0.013583006337285042, 0.014168483205139637, 0.014753960072994232, 0.015339436009526253, 0.015924911946058273, 0.016510389745235443, 0.017095865681767464, 0.017681341618299484, 0.018266817554831505, 0.018852293491363525, 0.019437771290540695, 0.020023247227072716]}, "gradients/graph_2model.cell_list.1.conv_can.weight": {"_type": "histogram", "values": [1.0, 1.0, 1.0, 0.0, 1.0, 1.0, 1.0, 0.0, 0.0, 0.0, 0.0, 0.0, 0.0, 2.0, 2.0, 3.0, 2.0, 5.0, 5.0, 5.0, 9.0, 7.0, 7.0, 7.0, 8.0, 7.0, 16.0, 10.0, 9.0, 27.0, 17.0, 29.0, 31.0, 1298.0, 35.0, 33.0, 42.0, 23.0, 23.0, 10.0, 11.0, 14.0, 15.0, 6.0, 14.0, 7.0, 8.0, 4.0, 5.0, 6.0, 3.0, 5.0, 3.0, 2.0, 4.0, 2.0, 2.0, 3.0, 2.0, 0.0, 2.0, 3.0, 0.0, 1.0],