{"gradients/model.fc2.bias": {"_type": "histogram", "values": [1.0, 0.0, 0.0, 0.0, 0.0, 0.0, 0.0, 0.0, 0.0, 0.0, 0.0, 0.0, 0.0, 0.0, 0.0, 0.0, 0.0, 0.0, 0.0, 0.0, 0.0, 0.0, 0.0, 0.0, 0.0, 0.0, 0.0, 0.0, 0.0, 0.0, 0.0, 1.0, 7.0, 0.0, 0.0, 0.0, 0.0, 0.0, 0.0, 0.0, 0.0, 0.0, 0.0, 0.0, 0.0, 0.0, 0.0, 0.0, 0.0, 0.0, 0.0, 0.0, 0.0, 0.0, 0.0, 0.0, 0.0, 0.0, 0.0, 0.0, 0.0, 0.0, 0.0, 1.0], "bins": [-0.0001395324943587184, -0.00013518505147658288, -0.00013083760859444737, -0.0001264901802642271, -0.00012214273738209158, -0.00011779529449995607, -0.00011344785889377818, -0.00010910042328760028, -0.00010475298040546477, -0.00010040553752332926, -9.605810191715136e-05, -9.171066631097347e-05, -8.736322342883795e-05, -8.301578054670244e-05, -7.866834494052455e-05, -7.432090933434665e-05, -6.997346645221114e-05, -6.562602357007563e-05, -6.127858796389773e-05, -5.693114871974103e-05, -5.258370947558433e-05, -4.8236270231427625e-05, -4.388883098727092e-05, -3.954139174311422e-05, -3.5193952498957515e-05, -3.084651325480081e-05, -2.6499074010644108e-05, -2.2151634766487405e-05, -1.78041955223307e-05, -1.3456756278173998e-05, -9.109317034017295e-06, -4.761877789860591e-06, -4.1443854570388794e-07, 3.933000698452815e-06, 8.280439942609519e-06, 1.2627879186766222e-05, 1.6975318430922925e-05, 2.132275767507963e-05, 2.5670196919236332e-05, 3.0017636163393036e-05, 3.436507540754974e-05, 3.871251465170644e-05, 4.3059953895863146e-05, 4.740739314001985e-05, 5.175483238417655e-05, 5.6102271628333256e-05, 6.044971087248996e-05, 6.479714647866786e-05, 6.914458936080337e-05, 7.349203224293888e-05, 7.783946784911677e-05, 8.218690345529467e-05, 8.653434633743018e-05, 9.088178921956569e-05, 9.522922482574359e-05, 9.957666043192148e-05, 0.00010392410331405699, 0.0001082715461961925, 0.0001126189818023704, 0.0001169664174085483, 0.0001213138602906838, 0.00012566130317281932, 0.0001300087315030396, 0.0001343561743851751, 0.00013870361726731062]}, "_timestamp": 1690914038.682385, "gradients/model.fc2.weight": {"_type": "histogram", "values": [1.0, 0.0, 0.0, 0.0, 0.0, 1.0, 0.0, 0.0, 1.0, 1.0, 0.0, 0.0, 0.0, 0.0, 1.0, 0.0, 0.0, 1.0, 0.0, 1.0, 0.0, 0.0, 0.0, 1.0, 0.0, 3.0, 0.0, 3.0, 0.0, 1.0, 0.0, 7.0, 963.0, 0.0, 0.0, 1.0, 2.0, 1.0, 2.0, 1.0, 1.0, 0.0, 0.0, 0.0, 1.0, 0.0, 1.0, 0.0, 0.0, 1.0, 0.0, 0.0, 0.0, 0.0, 1.0, 1.0, 0.0, 0.0, 1.0, 0.0, 0.0, 0.0, 0.0, 1.0], "bins": [-0.0035470565780997276, -0.0034365400206297636, -0.0033260234631597996, -0.003215507138520479, -0.003104990581050515, -0.002994474023580551, -0.002883957466110587, -0.002773440908640623, -0.0026629245840013027, -0.0025524080265313387, -0.0024418914690613747, -0.0023313751444220543, -0.0022208585869520903, -0.0021103420294821262, -0.001999825472012162, -0.0018893089145421982, -0.0017787923570722342, -0.0016682757996022701, -0.001557759358547628, -0.001447242801077664, -0.0013367263600230217, -0.0012262098025530577, -0.0011156932450830936, -0.0010051766876131296, -0.0008946602465584874, -0.0007841437472961843, -0.0006736272480338812, -0.0005631106905639172, -0.00045259419130161405, -0.00034207769203931093, -0.0002315611345693469, -0.00012104463530704379, -1.052836887538433e-05, 9.998814493883401e-05, 0.00021050465875305235, 0.0003210211871191859, 0.00043153768638148904, 0.0005420541856437922, 0.0006525707431137562, 0.0007630872423760593, 0.0008736037416383624, 0.0009841202991083264, 0.0010946367401629686, 0.0012051532976329327, 0.0013156698551028967, 0.0014261862961575389, 0.001536702853627503, 0.0016472192946821451, 0.0017577358521521091, 0.0018682524096220732, 0.001978768967092037, 0.0020892852917313576, 0.0021998018492013216, 0.0023103184066712856, 0.0024208349641412497, 0.0025313515216112137, 0.002641867846250534, 0.002752384403720498, 0.002862900961190462, 0.0029734172858297825, 0.0030839338432997465, 0.0031944504007697105, 0.0033049669582396746, 0.0034154835157096386, 0.0035260000731796026]}, "gradients/model.fc1.bias": {"_type": "histogram", "values": [1.0, 0.0, 1.0, 0.0, 1.0, 1.0, 0.0, 0.0, 0.0, 1.0, 1.0, 0.0, 1.0, 0.0, 0.0, 0.0, 0.0, 1.0, 0.0, 1.0, 0.0, 85.0, 1.0, 0.0, 0.0, 0.0, 0.0, 0.0, 0.0, 0.0, 1.0, 1.0, 0.0, 0.0, 0.0, 0.0, 0.0, 1.0, 0.0, 0.0, 0.0, 0.0, 0.0, 0.0, 0.0, 0.0, 0.0, 0.0, 0.0, 0.0, 0.0, 1.0, 0.0, 0.0, 0.0, 0.0, 0.0, 0.0, 0.0, 0.0, 0.0, 0.0, 0.0, 1.0], "bins": [-8.519785478711128e-05, -8.126759348670021e-05, -7.733733218628913e-05, -7.340706360992044e-05, -6.947680230950937e-05, -6.554654100909829e-05, -6.16162724327296e-05, -5.7686011132318527e-05, -5.375574983190745e-05, -4.9825488531496376e-05, -4.589522359310649e-05, -4.196495865471661e-05, -3.8034697354305536e-05, -3.410443605389446e-05, -3.0174171115504578e-05, -2.62439079961041e-05, -2.231364487670362e-05, -1.838338175730314e-05, -1.4453118637902662e-05, -1.0522855518502183e-05, -6.592592399101704e-06, -2.6623292797012255e-06, 1.2679338396992534e-06, 5.198196959099732e-06, 9.128460078500211e-06, 1.305872319790069e-05, 1.698898631730117e-05, 2.0919249436701648e-05, 2.4849512556102127e-05, 2.8779775675502606e-05, 3.2710038794903085e-05, 3.664030373329297e-05, 4.057057958561927e-05, 4.4500840886030346e-05, 4.843110582442023e-05, 5.236137076281011e-05, 5.6291632063221186e-05, 6.022189336363226e-05, 6.415216194000095e-05, 6.808242324041203e-05, 7.20126845408231e-05, 7.594294584123418e-05, 7.987320714164525e-05, 8.380347571801394e-05, 8.773373701842502e-05, 9.166399831883609e-05, 9.559426689520478e-05, 9.952452819561586e-05, 0.00010345478949602693, 0.00010738505079643801, 0.00011131531209684908, 0.00011524558067321777, 0.00011917584197362885, 0.00012310610327403992, 0.00012703637185040861, 0.00013096662587486207, 0.00013489689445123076, 0.00013882716302759945, 0.00014275741705205292, 0.0001466876856284216, 0.00015061793965287507, 0.00015454820822924376, 0.00015847847680561244, 0.0001624087308300659, 0.0001663389994064346]}, "gradients/model.fc1.weight": {"_type": "histogram", "values": [2.0, 1.0, 6.0, 1.0, 8.0, 8.0, 17.0, 26.0, 29.0, 53.0, 82.0, 118.0, 151.0, 262.0, 359.0, 597.0, 871.0, 1366.0, 2327.0, 3789.0, 6710.0, 994283.0, 4062.0, 2638.0, 1686.0, 1106.0, 757.0, 584.0, 434.0, 328.0, 264.0, 177.0, 167.0, 142.0, 99.0, 77.0, 63.0, 65.0, 48.0, 38.0, 39.0, 23.0, 20.0, 24.0, 16.0, 12.0, 10.0, 7.0, 15.0, 4.0, 8.0, 3.0, 6.0, 1.0, 3.0, 1.0, 0.0, 0.0, 2.0, 2.0, 0.0, 1.0, 1.0, 1.0], "bins": [-8.672766853123903e-05, -8.272932609543204e-05, -7.873098365962505e-05, -7.473264122381806e-05, -7.073429878801107e-05, -6.673595635220408e-05, -6.27376139163971e-05, -5.87392678426113e-05, -5.474092540680431e-05, -5.074258297099732e-05, -4.674424053519033e-05, -4.274589446140453e-05, -3.874755202559754e-05, -3.474920958979055e-05, -3.075086715398356e-05, -2.6752524718176574e-05, -2.2754182282369584e-05, -1.8755839846562594e-05, -1.4757496501260903e-05, -1.0759153155959211e-05, -6.760810720152222e-06, -2.762468284345232e-06, 1.2358759704511613e-06, 5.234218406258151e-06, 9.23256084206514e-06, 1.323090327787213e-05, 1.722924571367912e-05, 2.1227589968475513e-05, 2.5225932404282503e-05, 2.9224274840089492e-05, 3.3222619094885886e-05, 3.7220961530692875e-05, 4.1219303966499865e-05, 4.5217646402306855e-05, 4.9215988838113844e-05, 5.3214331273920834e-05, 5.7212673709727824e-05, 6.121101614553481e-05, 6.52093585813418e-05, 6.920770101714879e-05, 7.320604345295578e-05, 7.720438588876277e-05, 8.120272832456976e-05, 8.520107076037675e-05, 8.919941319618374e-05, 9.319775563199073e-05, 9.719609806779772e-05, 0.00010119444050360471, 0.00010519279021536931, 0.0001091911326511763, 0.0001131894750869833, 0.00011718781752279028, 0.00012118615995859727, 0.00012518450967036188, 0.00012918285210616887, 0.00013318119454197586, 0.00013717953697778285, 0.00014117787941358984, 0.00014517622184939682, 0.00014917456428520381, 0.0001531729067210108, 0.0001571712491568178, 0.00016116959159262478, 0.00016516793402843177, 0.00016916627646423876]}, "gradients/model.cell_list.1.conv_can.weight": {"_type": "histogram",