{"gradients/model.fc2.bias": {"_type": "histogram", "values": [1.0, 0.0, 0.0, 0.0, 0.0, 0.0, 0.0, 0.0, 0.0, 0.0, 0.0, 0.0, 0.0, 0.0, 0.0, 0.0, 0.0, 0.0, 0.0, 0.0, 0.0, 0.0, 0.0, 0.0, 0.0, 0.0, 0.0, 0.0, 0.0, 0.0, 0.0, 0.0, 0.0, 0.0, 0.0, 0.0, 1.0, 0.0, 0.0, 0.0, 0.0, 0.0, 1.0, 0.0, 0.0, 1.0, 0.0, 1.0, 1.0, 1.0, 0.0, 0.0, 1.0, 0.0, 0.0, 0.0, 0.0, 0.0, 0.0, 0.0, 1.0, 0.0, 0.0, 1.0], "bins": [-0.20788434147834778, -0.2032291442155838, -0.19857396185398102, -0.19391876459121704, -0.18926358222961426, -0.18460838496685028, -0.1799532026052475, -0.17529800534248352, -0.17064282298088074, -0.16598762571811676, -0.16133244335651398, -0.15667724609375, -0.15202206373214722, -0.14736686646938324, -0.14271168410778046, -0.13805648684501648, -0.1334012895822525, -0.12874609231948853, -0.12409090995788574, -0.11943572014570236, -0.11478053033351898, -0.110125333070755, -0.10547014325857162, -0.10081495344638824, -0.09615976363420486, -0.09150457382202148, -0.0868493840098381, -0.08219419419765472, -0.07753899693489075, -0.07288381457328796, -0.06822861731052399, -0.0635734274983406, -0.058918245136737823, -0.05426305532455444, -0.04960786551237106, -0.044952671974897385, -0.040297482162714005, -0.035642292350530624, -0.030987100675702095, -0.026331909000873566, -0.021676719188690186, -0.017021529376506805, -0.012366337701678276, -0.007711146958172321, -0.0030559562146663666, 0.0015992335975170135, 0.006254425272345543, 0.010909616947174072, 0.015564806759357452, 0.020219996571540833, 0.024875188246369362, 0.02953037992119789, 0.03418556973338127, 0.03884075954556465, 0.04349595308303833, 0.04815114289522171, 0.05280633270740509, 0.05746152251958847, 0.06211671233177185, 0.06677190214395523, 0.07142709195613861, 0.07608228921890259, 0.08073747903108597, 0.08539266884326935, 0.09004785865545273]}, "_timestamp": 1691093278.6987605, "gradients/model.fc2.weight": {"_type": "histogram", "values": [1.0, 0.0, 0.0, 0.0, 0.0, 0.0, 0.0, 0.0, 0.0, 0.0, 0.0, 1.0, 0.0, 1.0, 0.0, 1.0, 0.0, 1.0, 0.0, 1.0, 3.0, 0.0, 1.0, 2.0, 0.0, 0.0, 2.0, 2.0, 0.0, 0.0, 1.0, 4.0, 2.0, 1.0, 1.0, 1.0, 1.0, 2.0, 1.0, 2.0, 9.0, 10.0, 12.0, 21.0, 617.0, 129.0, 67.0, 30.0, 14.0, 14.0, 12.0, 4.0, 8.0, 4.0, 4.0, 5.0, 2.0, 2.0, 1.0, 1.0, 0.0, 1.0, 0.0, 1.0], "bins": [-0.21774166822433472, -0.21290281414985657, -0.20806394517421722, -0.20322507619857788, -0.19838622212409973, -0.19354736804962158, -0.18870849907398224, -0.1838696300983429, -0.17903077602386475, -0.1741919219493866, -0.16935305297374725, -0.1645141839981079, -0.15967532992362976, -0.1548364758491516, -0.14999760687351227, -0.14515873789787292, -0.14031988382339478, -0.13548102974891663, -0.13064216077327728, -0.12580329179763794, -0.12096443772315979, -0.11612557619810104, -0.1112867146730423, -0.10644785314798355, -0.1016089916229248, -0.09677013009786606, -0.09193126857280731, -0.08709240704774857, -0.08225354552268982, -0.07741468399763107, -0.07257582247257233, -0.06773696094751358, -0.06289809197187424, -0.05805923044681549, -0.053220368921756744, -0.048381507396698, -0.04354264587163925, -0.038703784346580505, -0.03386492282152176, -0.029026061296463013, -0.024187199771404266, -0.01934833824634552, -0.014509476721286774, -0.009670615196228027, -0.004831753671169281, 7.107853889465332e-06, 0.004845969378948212, 0.009684830904006958, 0.014523692429065704, 0.01936255395412445, 0.024201415479183197, 0.029040277004241943, 0.03387913852930069, 0.038718000054359436, 0.04355686157941818, 0.04839572310447693, 0.053234584629535675, 0.05807344615459442, 0.06291230767965317, 0.06775116920471191, 0.07259003072977066, 0.0774288922548294, 0.08226775377988815, 0.0871066153049469, 0.09194547683000565]}, "gradients/model.fc1.bias": {"_type": "histogram", "values": [1.0, 0.0, 0.0, 0.0, 0.0, 0.0, 0.0, 0.0, 1.0, 0.0, 1.0, 0.0, 0.0, 0.0, 1.0, 0.0, 0.0, 0.0, 0.0, 0.0, 2.0, 3.0, 0.0, 2.0, 1.0, 0.0, 1.0, 1.0, 61.0, 2.0, 1.0, 1.0, 0.0, 0.0, 2.0, 1.0, 0.0, 1.0, 0.0, 1.0, 1.0, 3.0, 1.0, 0.0, 0.0, 0.0, 0.0, 0.0, 2.0, 1.0, 0.0, 0.0, 0.0, 2.0, 0.0, 1.0, 0.0, 0.0, 2.0, 0.0, 0.0, 1.0, 0.0, 2.0], "bins": [-0.02430705726146698, -0.02346007339656353, -0.02261308766901493, -0.02176610380411148, -0.02091911993920803, -0.02007213607430458, -0.01922515034675598, -0.01837816648185253, -0.01753118261694908, -0.01668419875204563, -0.015837213024497032, -0.014990229159593582, -0.014143245294690132, -0.013296260498464108, -0.012449275702238083, -0.011602291837334633, -0.010755306109786034, -0.009908321313560009, -0.009061337448656559, -0.008214352652430534, -0.007367368321865797, -0.00652038399130106, -0.005673399195075035, -0.004826414864510298, -0.0039794305339455605, -0.003132446203380823, -0.002285461639985442, -0.0014384770765900612, -0.0005914927460253239, 0.00025549158453941345, 0.001102476380765438, 0.0019494607113301754, 0.002796446904540062, 0.0036434312351047993, 0.004490415565669537, 0.005337400361895561, 0.0061843846924602985, 0.007031369023025036, 0.00787835381925106, 0.00872533768415451, 0.009572322480380535, 0.01041930727660656, 0.01126629114151001, 0.012113275937736034, 0.012960260733962059, 0.013807244598865509, 0.014654229395091534, 0.015501214191317558, 0.01634819805622101, 0.01719518192112446, 0.018042167648673058, 0.018889151513576508, 0.019736135378479958, 0.020583119243383408, 0.021430104970932007, 0.022277088835835457, 0.023124072700738907, 0.023971056565642357, 0.024818042293190956, 0.025665026158094406, 0.026512010022997856, 0.027358993887901306, 0.028205979615449905, 0.029052963480353355, 0.029899949207901955]}, "gradients/model.fc1.weight": {"_type": "histogram", "values": [1.0, 1.0, 3.0, 0.0, 17.0, 22.0, 48.0, 68.0, 80.0, 144.0, 210.0, 264.0, 400.0, 536.0, 832.0, 1160.0, 1625.0, 2125.0, 2923.0, 3959.0, 5381.0, 7156.0, 10004.0, 14525.0, 21824.0, 30091.0, 39357.0, 648844.0, 41303.0, 29871.0, 26533.0, 23895.0, 20745.0, 17476.0, 14624.0, 11928.0, 9691.0, 7895.0, 6449.0, 5026.0, 3970.0, 3090.0, 2336.0, 1927.0, 1446.0, 1107.0, 814.0, 605.0, 461.0, 385.0, 270.0, 166.0, 130.0, 102.0, 47.0, 45.0, 26.0, 14.0, 8.0, 4.0, 7.0, 2.0, 1.0, 1.0], "bins": [-0.001554928719997406, -0.0014980926644057035, -0.001441256608814001, -0.0013844205532222986, -0.001327584614045918, -0.0012707485584542155, -0.001213912502862513, -0.0011570764472708106, -0.00110024050809443, -0.0010434044525027275, -0.000986568396911025, -0.0009297323995269835, -0.000872896402142942, -0.0008160603465512395, -0.000759224290959537, -0.0007023882353678346, -0.0006455521797761321, -0.0005887161241844296, -0.0005318801268003881, -0.00047504407120868564, -0.00041820804472081363, -0.00036137201823294163, -0.00030453596264123917, -0.00024769993615336716, -0.00019086390966549516, -0.00013402788317762315, -7.719184213783592e-05, -2.0355801098048687e-05, 3.648022538982332e-05, 9.331625187769532e-05, 0.00015015230746939778, 0.0002069883339572698, 0.0002638243604451418, 0.0003206603869330138, 0.0003774964134208858, 0.00043433246901258826, 0.0004911684663966298, 0.0005480045219883323, 0.0006048405775800347, 0.0006616766331717372, 0.0007185126305557787, 0.0007753486861474812, 0.0008321846835315228, 0.0008890207391232252, 0.0009458567947149277, 0.0010026928503066301, 0.0010595289058983326, 0.0011163648450747132, 0.0011732009006664157, 0.0012300369562581182, 0.0012868730118498206, 0.0013437089510262012, 0.0014005450066179037, 0.0014573810622096062, 0.0015142171178013086, 0.001571053173393011, 0.0016278892289847136, 0.001684725284576416, 0.0017415613401681185, 0.001798397395759821, 0.0018552333349362016, 0.001912069390527904, 0.0019689053297042847, 0.002025741385295987, 0.0020825774408876896]}, "gradients/model.cell_list.1.conv_can.weight": {"_type": "histogram",