{"gradients/model.fc2.bias": {"_type": "histogram", "values": [1.0, 0.0, 0.0, 0.0, 0.0, 0.0, 0.0, 0.0, 0.0, 1.0, 0.0, 0.0, 0.0, 0.0, 0.0, 0.0, 1.0, 0.0, 0.0, 1.0, 0.0, 0.0, 0.0, 0.0, 1.0, 0.0, 1.0, 0.0, 0.0, 0.0, 0.0, 0.0, 0.0, 0.0, 0.0, 0.0, 0.0, 0.0, 0.0, 2.0, 0.0, 0.0, 0.0, 0.0, 0.0, 0.0, 1.0, 0.0, 0.0, 0.0, 0.0, 0.0, 0.0, 0.0, 0.0, 0.0, 0.0, 0.0, 0.0, 0.0, 0.0, 0.0, 0.0, 1.0], "bins": [-0.10667356103658676, -0.10294688493013382, -0.09922020137310028, -0.09549352526664734, -0.0917668417096138, -0.08804016560316086, -0.08431348204612732, -0.08058680593967438, -0.07686012983322144, -0.0731334537267685, -0.06940677016973495, -0.06568009406328201, -0.061953410506248474, -0.05822673439979553, -0.05450005456805229, -0.05077337473630905, -0.04704669117927551, -0.04332001134753227, -0.03959333151578903, -0.03586665540933609, -0.03213997185230255, -0.02841329388320446, -0.02468661591410637, -0.02095993608236313, -0.01723325625061989, -0.013506576418876648, -0.009779897518455982, -0.0060532186180353165, -0.002326538786292076, 0.0014001410454511642, 0.005126819014549255, 0.008853498846292496, 0.01258017122745514, 0.01630685105919838, 0.02003353089094162, 0.02376020886003971, 0.02748688869178295, 0.03121356852352619, 0.03494024649262428, 0.03866692632436752, 0.042393606156110764, 0.046120285987854004, 0.049846965819597244, 0.053573645651340485, 0.057300321757793427, 0.061027005314826965, 0.06475368142127991, 0.06848035752773285, 0.07220704108476639, 0.07593371719121933, 0.07966040074825287, 0.08338707685470581, 0.08711376041173935, 0.09084043651819229, 0.09456712007522583, 0.09829379618167877, 0.10202047228813171, 0.10574714839458466, 0.1094738319516182, 0.11320050805807114, 0.11692719161510468, 0.12065386772155762, 0.12438054382801056, 0.1281072199344635, 0.13183391094207764]}, "_timestamp": 1690836941.6795442, "gradients/model.fc2.weight": {"_type": "histogram", "values": [1.0, 1.0, 0.0, 0.0, 0.0, 1.0, 0.0, 0.0, 3.0, 2.0, 2.0, 4.0, 4.0, 3.0, 1.0, 5.0, 8.0, 2.0, 7.0, 9.0, 7.0, 12.0, 16.0, 13.0, 14.0, 18.0, 26.0, 32.0, 38.0, 41.0, 516.0, 20.0, 25.0, 25.0, 25.0, 16.0, 16.0, 12.0, 14.0, 12.0, 5.0, 5.0, 7.0, 6.0, 1.0, 3.0, 5.0, 1.0, 2.0, 0.0, 2.0, 0.0, 1.0, 3.0, 0.0, 0.0, 2.0, 0.0, 0.0, 1.0, 2.0, 1.0, 1.0, 1.0], "bins": [-0.1287507861852646, -0.12447969615459442, -0.12020860612392426, -0.11593752354383469, -0.11166643351316452, -0.10739534348249435, -0.10312426090240479, -0.09885317087173462, -0.09458208084106445, -0.09031099081039429, -0.08603990077972412, -0.08176881819963455, -0.07749772816896439, -0.07322663813829422, -0.06895555555820465, -0.06468446552753448, -0.06041337549686432, -0.05614228546619415, -0.051871199160814285, -0.04760011285543442, -0.04332902282476425, -0.039057932794094086, -0.03478684648871422, -0.0305157583206892, -0.026244670152664185, -0.021973581984639168, -0.01770249381661415, -0.013431405648589134, -0.009160317480564117, -0.004889229312539101, -0.0006181411445140839, 0.003652947023510933, 0.007924020290374756, 0.012195108458399773, 0.01646619662642479, 0.020737284794449806, 0.025008372962474823, 0.02927946113049984, 0.03355054929852486, 0.037821635603904724, 0.04209272563457489, 0.046363815665245056, 0.050634901970624924, 0.05490598827600479, 0.05917707830667496, 0.06344816833734512, 0.06771925091743469, 0.07199034094810486, 0.07626143097877502, 0.08053252100944519, 0.08480361104011536, 0.08907469362020493, 0.09334578365087509, 0.09761687368154526, 0.10188795626163483, 0.10615904629230499, 0.11043013632297516, 0.11470122635364532, 0.11897231638431549, 0.12324339896440506, 0.12751448154449463, 0.1317855715751648, 0.13605666160583496, 0.14032775163650513, 0.1445988416671753]}, "gradients/model.fc1.bias": {"_type": "histogram", "values": [1.0, 0.0, 0.0, 0.0, 0.0, 1.0, 0.0, 1.0, 0.0, 0.0, 1.0, 0.0, 0.0, 1.0, 0.0, 2.0, 0.0, 1.0, 0.0, 1.0, 2.0, 0.0, 2.0, 1.0, 1.0, 0.0, 0.0, 1.0, 2.0, 2.0, 1.0, 1.0, 0.0, 0.0, 0.0, 1.0, 1.0, 3.0, 50.0, 0.0, 2.0, 0.0, 0.0, 1.0, 3.0, 0.0, 2.0, 2.0, 0.0, 1.0, 1.0, 0.0, 3.0, 0.0, 0.0, 1.0, 0.0, 1.0, 1.0, 1.0, 1.0, 1.0, 0.0, 2.0], "bins": [-0.04097142070531845, -0.03991307318210602, -0.038854725658893585, -0.03779637813568115, -0.03673803061246872, -0.035679686814546585, -0.03462133929133415, -0.03356299176812172, -0.032504644244909286, -0.031446296721696854, -0.03038794919848442, -0.029329603537917137, -0.028271256014704704, -0.02721290849149227, -0.026154562830924988, -0.025096215307712555, -0.024037867784500122, -0.02297952026128769, -0.021921172738075256, -0.020862827077507973, -0.01980447955429554, -0.018746132031083107, -0.017687786370515823, -0.01662943884730339, -0.015571091324090958, -0.014512743800878525, -0.013454397208988667, -0.012396050617098808, -0.011337703093886375, -0.010279355570673943, -0.009221008978784084, -0.008162662386894226, -0.007104313001036644, -0.006045965943485498, -0.004987618885934353, -0.003929271828383207, -0.0028709247708320618, -0.0018125777132809162, -0.0007542306557297707, 0.0003041164018213749, 0.0013624634593725204, 0.002420810516923666, 0.0034791575744748116, 0.004537504632025957, 0.005595851689577103, 0.006654198747128248, 0.007712545804679394, 0.008770892396569252, 0.009829239919781685, 0.010887587442994118, 0.011945934034883976, 0.013004280626773834, 0.014062628149986267, 0.0151209756731987, 0.016179323196411133, 0.017237668856978416, 0.01829601638019085, 0.019354363903403282, 0.020412709563970566, 0.021471057087183, 0.02252940461039543, 0.023587752133607864, 0.024646099656820297, 0.02570444531738758, 0.026762792840600014]}, "gradients/model.fc1.weight": {"_type": "histogram", "values": [6.0, 3.0, 5.0, 8.0, 34.0, 41.0, 50.0, 87.0, 100.0, 143.0, 232.0, 225.0, 337.0, 459.0, 592.0, 752.0, 962.0, 1207.0, 1558.0, 1994.0, 2495.0, 3214.0, 3933.0, 4773.0, 5825.0, 6928.0, 8305.0, 10198.0, 11655.0, 14205.0, 17026.0, 21322.0, 26206.0, 32965.0, 40178.0, 46169.0, 565862.0, 44499.0, 34404.0, 25805.0, 18476.0, 14080.0, 12029.0, 10216.0, 8476.0, 6734.0, 5209.0, 3909.0, 3075.0, 2232.0, 1602.0, 1123.0, 789.0, 494.0, 332.0, 220.0, 114.0, 61.0, 34.0, 17.0, 8.0, 7.0, 0.0, 1.0], "bins": [-0.0036554052494466305, -0.0035539278760552406, -0.003452450502663851, -0.003350973129272461, -0.003249495755881071, -0.0031480183824896812, -0.0030465410090982914, -0.0029450636357069016, -0.0028435862623155117, -0.002742108888924122, -0.002640631515532732, -0.002539154142141342, -0.0024376767687499523, -0.0023361993953585625, -0.0022347220219671726, -0.0021332446485757828, -0.002031767275184393, -0.001930289901793003, -0.0018288125284016132, -0.0017273351550102234, -0.0016258577816188335, -0.0015243804082274437, -0.0014229030348360538, -0.001321425661444664, -0.0012199480552226305, -0.0011184706818312407, -0.0010169933084398508, -0.000915515935048461, -0.0008140385616570711, -0.0007125611300580204, -0.0006110837566666305, -0.0005096063832752407, -0.0004081290680915117, -0.0003066516947001219, -0.0002051743067568168, -0.00010369691881351173, -2.2195454221218824e-06, 9.925785707309842e-05, 0.00020073523046448827, 0.0003022126038558781, 0.00040368997724726796, 0.0005051673506386578, 0.0006066447240300477, 0.0007081221556290984, 0.0008095995290204883, 0.0009110769024118781, 0.001012554275803268, 0.0011140316491946578, 0.0012155090225860476, 0.0013169863959774375, 0.0014184637693688273, 0.0015199411427602172, 0.001621418516151607, 0.0017228960059583187, 0.0018243733793497086, 0.0019258507527410984, 0.0020273281261324883, 0.002128805499523878, 0.002230282872915268, 0.002331760246306658, 0.0024332376196980476, 0.0025347149930894375, 0.0026361923664808273, 0.002737669739872217, 0.002839147113263607]}, "gradients/model.cell_list.1.conv_can.weight": {"_type": "histogram",