{"gradients/graph_5model.fc2.bias": {"_type": "histogram", "values": [1.0, 0.0, 0.0, 0.0, 0.0, 0.0, 0.0, 0.0, 0.0, 0.0, 0.0, 0.0, 0.0, 0.0, 0.0, 0.0, 0.0, 0.0, 1.0, 0.0, 0.0, 0.0, 0.0, 0.0, 0.0, 0.0, 0.0, 1.0, 0.0, 0.0, 1.0, 0.0, 0.0, 0.0, 0.0, 0.0, 1.0, 1.0, 0.0, 0.0, 0.0, 0.0, 0.0, 0.0, 1.0, 0.0, 0.0, 0.0, 0.0, 0.0, 0.0, 1.0, 0.0, 0.0, 0.0, 0.0, 1.0, 0.0, 0.0, 0.0, 0.0, 0.0, 0.0, 1.0], "bins": [-0.06974876672029495, -0.06785189360380173, -0.0659550279378891, -0.06405815482139587, -0.06216128170490265, -0.060264408588409424, -0.0583675391972065, -0.05647066980600357, -0.054573796689510345, -0.05267692357301712, -0.050780054181814194, -0.04888318479061127, -0.04698631167411804, -0.04508943855762482, -0.04319256916642189, -0.041295699775218964, -0.03939882665872574, -0.03750195354223251, -0.03560508415102959, -0.03370821475982666, -0.031811341643333435, -0.02991447038948536, -0.028017599135637283, -0.026120727881789207, -0.02422385662794113, -0.022326985374093056, -0.02043011412024498, -0.018533242866396904, -0.016636371612548828, -0.014739500358700752, -0.012842629104852676, -0.0109457578510046, -0.009048886597156525, -0.007152015343308449, -0.005255144089460373, -0.003358272835612297, -0.0014614015817642212, 0.0004354696720838547, 0.0023323409259319305, 0.004229212179780006, 0.006126083433628082, 0.008022954687476158, 0.009919825941324234, 0.01181669719517231, 0.013713568449020386, 0.015610439702868462, 0.017507310956716537, 0.019404182210564613, 0.02130105346441269, 0.023197924718260765, 0.02509479597210884, 0.026991667225956917, 0.028888538479804993, 0.03078540973365307, 0.032682280987501144, 0.03457915037870407, 0.036476023495197296, 0.03837289661169052, 0.04026976600289345, 0.042166635394096375, 0.0440635085105896, 0.045960381627082825, 0.04785725101828575, 0.04975412040948868, 0.0516509935259819]}, "_timestamp": 1691020684.2084649, "gradients/graph_5model.fc2.weight": {"_type": "histogram", "values": [1.0, 0.0, 0.0, 0.0, 0.0, 0.0, 0.0, 0.0, 0.0, 0.0, 1.0, 1.0, 1.0, 0.0, 0.0, 1.0, 0.0, 1.0, 0.0, 0.0, 1.0, 0.0, 4.0, 2.0, 2.0, 4.0, 2.0, 0.0, 3.0, 1.0, 7.0, 1.0, 5.0, 5.0, 8.0, 4.0, 4.0, 7.0, 13.0, 11.0, 13.0, 13.0, 27.0, 639.0, 30.0, 39.0, 29.0, 26.0, 19.0, 15.0, 12.0, 14.0, 9.0, 2.0, 7.0, 3.0, 3.0, 3.0, 3.0, 2.0, 1.0, 0.0, 0.0, 1.0], "bins": [-0.1660330444574356, -0.16220581531524658, -0.15837858617305756, -0.15455137193202972, -0.1507241427898407, -0.14689691364765167, -0.14306968450546265, -0.13924247026443481, -0.1354152411222458, -0.13158801198005676, -0.12776078283786774, -0.12393356114625931, -0.12010633945465088, -0.11627911031246185, -0.11245188117027283, -0.1086246594786644, -0.10479743033647537, -0.10097020119428635, -0.09714297950267792, -0.09331575036048889, -0.08948852866888046, -0.08566129952669144, -0.08183407783508301, -0.07800684869289398, -0.07417961955070496, -0.07035239040851593, -0.0665251687169075, -0.06269793957471848, -0.058870717883110046, -0.05504348874092102, -0.05121626332402229, -0.047389037907123566, -0.043561823666095734, -0.039734598249197006, -0.03590737283229828, -0.03208014369010925, -0.028252920135855675, -0.024425694718956947, -0.02059846743941307, -0.016771242022514343, -0.012944016605615616, -0.009116791188716888, -0.005289564840495586, -0.0014623384922742844, 0.002364886924624443, 0.0061921123415231705, 0.010019339621067047, 0.013846565037965775, 0.017673790454864502, 0.02150101587176323, 0.025328241288661957, 0.029155468568205833, 0.03298269212245941, 0.03680992126464844, 0.040637146681547165, 0.04446437209844589, 0.04829159751534462, 0.05211882293224335, 0.055946048349142075, 0.0597732737660408, 0.06360050290822983, 0.06742772459983826, 0.07125495374202728, 0.07508218288421631, 0.07890940457582474]}, "gradients/graph_5model.fc1.bias": {"_type": "histogram", "values": [1.0, 0.0, 0.0, 0.0, 0.0, 0.0, 0.0, 0.0, 0.0, 0.0, 0.0, 1.0, 1.0, 1.0, 0.0, 0.0, 1.0, 2.0, 0.0, 0.0, 1.0, 1.0, 0.0, 1.0, 1.0, 1.0, 1.0, 2.0, 0.0, 1.0, 1.0, 1.0, 0.0, 1.0, 0.0, 0.0, 0.0, 65.0, 1.0, 1.0, 0.0, 3.0, 0.0, 0.0, 3.0, 0.0, 0.0, 1.0, 1.0, 1.0, 0.0, 1.0, 1.0, 0.0, 1.0, 1.0, 0.0, 0.0, 0.0, 0.0, 0.0, 0.0, 0.0, 1.0], "bins": [-0.017743457108736038, -0.017266670241951942, -0.016789883375167847, -0.0163130983710289, -0.015836311504244804, -0.015359524637460709, -0.014882737770676613, -0.014405950903892517, -0.013929164968430996, -0.0134523781016469, -0.012975592166185379, -0.012498805299401283, -0.012022018432617188, -0.011545232497155666, -0.01106844563037157, -0.01059165969491005, -0.010114872828125954, -0.009638085961341858, -0.009161300025880337, -0.008684513159096241, -0.00820772722363472, -0.007730940356850624, -0.007254153490066528, -0.00677736708894372, -0.006300580687820911, -0.005823794286698103, -0.0053470078855752945, -0.004870221018791199, -0.00439343461766839, -0.003916648216545582, -0.0034398615825921297, -0.0029630749486386776, -0.002486288547515869, -0.0020095021463930607, -0.0015327155124396086, -0.0010559289949014783, -0.000579142477363348, -0.00010235607624053955, 0.00037443055771291256, 0.0008512171916663647, 0.0013280035927891731, 0.0018047901103273034, 0.0022815766278654337, 0.002758363261818886, 0.0032351496629416943, 0.0037119360640645027, 0.0041887229308485985, 0.004665509331971407, 0.005142295733094215, 0.005619082134217024, 0.006095868535339832, 0.006572655402123928, 0.0070494418032467365, 0.007526228204369545, 0.00800301507115364, 0.008479801937937737, 0.008956587873399258, 0.009433374740183353, 0.009910160675644875, 0.01038694754242897, 0.010863734409213066, 0.011340520344674587, 0.011817307211458683, 0.012294093146920204, 0.0127708800137043]}, "gradients/graph_5model.fc1.weight": {"_type": "histogram", "values": [3.0, 0.0, 5.0, 7.0, 8.0, 4.0, 16.0, 27.0, 32.0, 33.0, 64.0, 92.0, 144.0, 208.0, 282.0, 411.0, 621.0, 832.0, 1458.0, 2199.0, 3496.0, 5631.0, 9094.0, 14946.0, 25145.0, 41956.0, 71899.0, 733163.0, 51736.0, 25858.0, 13761.0, 7955.0, 4734.0, 2875.0, 1814.0, 1080.0, 768.0, 515.0, 345.0, 229.0, 181.0, 108.0, 98.0, 52.0, 28.0, 21.0, 20.0, 18.0, 8.0, 8.0, 4.0, 2.0, 3.0, 1.0, 0.0, 0.0, 0.0, 0.0, 0.0, 0.0, 0.0, 0.0, 0.0, 2.0], "bins": [-0.005696357227861881, -0.005488226655870676, -0.0052800956182181835, -0.005071965046226978, -0.004863834008574486, -0.0046557034365832806, -0.004447572398930788, -0.004239441826939583, -0.00403131078928709, -0.0038231799844652414, -0.0036150491796433926, -0.0034069183748215437, -0.003198787569999695, -0.0029906569980084896, -0.002782525960355997, -0.002574395388364792, -0.002366264583542943, -0.002158133778721094, -0.0019500029738992453, -0.0017418721690773964, -0.0015337413642555475, -0.0013256106758490205, -0.0011174798710271716, -0.0009093490662053227, -0.0007012182613834739, -0.000493087456561625, -0.0002849566808436066, -7.682590512558818e-05, 0.0001313048996962607, 0.00033943564631044865, 0.0005475664511322975, 0.0007556972559541464, 0.0009638280607759953, 0.0011719588655978441, 0.001380089670419693, 0.0015882204752415419, 0.0017963512800633907, 0.002004481852054596, 0.0022126128897070885, 0.0024207434616982937, 0.002628874499350786, 0.002837005304172635, 0.003045136108994484, 0.003253266913816333, 0.0034613977186381817, 0.003669528290629387, 0.0038776593282818794, 0.004085789900273085, 0.00429392047226429, 0.004502051044255495, 0.004710182081907988, 0.004918312653899193, 0.005126443691551685, 0.0053345742635428905, 0.005542705301195383, 0.005750835873186588, 0.005958966910839081, 0.006167097482830286, 0.0063752285204827785, 0.006583359092473984, 0.006791490130126476, 0.0069996207021176815, 0.007207751739770174, 0.007415882311761379, 0.007624013349413872]}, "gradients/graph_5model.cell_list.1.conv_can.weight": {"_type": "histogram",