{"gradients/graph_7model.fc2.bias": {"_type": "histogram", "values": [1.0, 0.0, 0.0, 0.0, 0.0, 0.0, 0.0, 0.0, 0.0, 0.0, 1.0, 0.0, 0.0, 0.0, 0.0, 0.0, 0.0, 0.0, 1.0, 1.0, 0.0, 0.0, 0.0, 0.0, 0.0, 1.0, 0.0, 0.0, 0.0, 1.0, 0.0, 1.0, 0.0, 0.0, 0.0, 0.0, 1.0, 0.0, 0.0, 0.0, 0.0, 0.0, 0.0, 0.0, 0.0, 0.0, 0.0, 0.0, 0.0, 0.0, 0.0, 0.0, 1.0, 0.0, 0.0, 0.0, 0.0, 0.0, 0.0, 0.0, 0.0, 0.0, 0.0, 1.0], "bins": [-0.038456209003925323, -0.03712018206715584, -0.03578415885567665, -0.034448131918907166, -0.03311210870742798, -0.03177608177065849, -0.030440056696534157, -0.02910403162240982, -0.027768004685640335, -0.026431979611516, -0.025095954537391663, -0.023759927600622177, -0.02242390252649784, -0.021087877452373505, -0.01975185237824917, -0.018415827304124832, -0.017079802230000496, -0.01574377715587616, -0.014407751150429249, -0.013071726076304913, -0.011735700070858002, -0.010399674996733665, -0.00906364992260933, -0.007727623917162418, -0.006391598843038082, -0.005055573303252459, -0.0037195479962974787, -0.0023835226893424988, -0.0010474971495568752, 0.0002885283902287483, 0.0016245534643530846, 0.0029605794697999954, 0.004296604543924332, 0.005632630083709955, 0.006968655623495579, 0.008304680697619915, 0.009640706703066826, 0.010976731777191162, 0.012312756851315498, 0.01364878285676241, 0.014984807930886745, 0.016320833936333656, 0.017656859010457993, 0.01899288408458233, 0.020328909158706665, 0.02166493609547615, 0.023000959306955338, 0.024336986243724823, 0.02567301131784916, 0.027009036391973495, 0.02834506146609783, 0.029681086540222168, 0.031017113476991653, 0.03235314041376114, 0.033689163625240326, 0.03502519056200981, 0.036361213773489, 0.037697240710258484, 0.03903326392173767, 0.040369290858507156, 0.04170531406998634, 0.04304134100675583, 0.044377364218235016, 0.0457133911550045, 0.04704941809177399]}, "_timestamp": 1691021301.4329262, "gradients/graph_7model.fc2.weight": {"_type": "histogram", "values": [1.0, 0.0, 1.0, 0.0, 1.0, 0.0, 0.0, 1.0, 0.0, 0.0, 0.0, 1.0, 0.0, 1.0, 2.0, 1.0, 1.0, 1.0, 3.0, 9.0, 5.0, 4.0, 8.0, 6.0, 3.0, 10.0, 6.0, 5.0, 10.0, 815.0, 35.0, 11.0, 10.0, 5.0, 6.0, 7.0, 2.0, 2.0, 5.0, 4.0, 0.0, 2.0, 3.0, 0.0, 0.0, 1.0, 1.0, 3.0, 1.0, 1.0, 2.0, 0.0, 0.0, 0.0, 2.0, 0.0, 0.0, 0.0, 0.0, 0.0, 0.0, 1.0, 0.0, 1.0], "bins": [-0.24625641107559204, -0.23797398805618286, -0.2296915501356125, -0.2214091271162033, -0.21312668919563293, -0.20484426617622375, -0.19656184315681458, -0.1882794201374054, -0.17999698221683502, -0.17171455919742584, -0.16343212127685547, -0.1551496982574463, -0.1468672752380371, -0.13858483731746674, -0.13030241429805756, -0.12201998382806778, -0.113737553358078, -0.10545512288808823, -0.09717269241809845, -0.08889026939868927, -0.0806078389286995, -0.07232540845870972, -0.06404298543930054, -0.05576055496931076, -0.047478124499320984, -0.03919569402933121, -0.03091326728463173, -0.022630838677287102, -0.014348410069942474, -0.006065979599952698, 0.0022164471447467804, 0.010498873889446259, 0.018781334161758423, 0.02706376276910305, 0.03534619137644768, 0.043628618121147156, 0.05191104859113693, 0.06019347906112671, 0.06847590208053589, 0.07675833255052567, 0.08504076302051544, 0.09332319349050522, 0.101605623960495, 0.10988804697990417, 0.11817047744989395, 0.12645290791988373, 0.1347353309392929, 0.14301776885986328, 0.15130019187927246, 0.15958261489868164, 0.16786505281925201, 0.1761474758386612, 0.18442991375923157, 0.19271233677864075, 0.20099475979804993, 0.2092771828174591, 0.21755962073802948, 0.22584204375743866, 0.23412448167800903, 0.2424069046974182, 0.2506893277168274, 0.2589717507362366, 0.26725420355796814, 0.2755366265773773, 0.2838190495967865]}, "gradients/graph_7model.fc1.bias": {"_type": "histogram", "values": [2.0, 0.0, 0.0, 0.0, 1.0, 0.0, 0.0, 0.0, 0.0, 0.0, 1.0, 1.0, 0.0, 0.0, 0.0, 0.0, 0.0, 0.0, 1.0, 1.0, 0.0, 0.0, 2.0, 0.0, 1.0, 79.0, 2.0, 1.0, 2.0, 0.0, 1.0, 0.0, 0.0, 0.0, 0.0, 0.0, 0.0, 2.0, 0.0, 0.0, 0.0, 0.0, 0.0, 1.0, 0.0, 0.0, 0.0, 1.0, 0.0, 0.0, 0.0, 0.0, 0.0, 0.0, 0.0, 0.0, 0.0, 0.0, 0.0, 0.0, 0.0, 0.0, 0.0, 1.0], "bins": [-0.04278405010700226, -0.041125085204839706, -0.03946612402796745, -0.0378071591258049, -0.03614819794893265, -0.034489233046770096, -0.032830268144607544, -0.03117130696773529, -0.02951234206557274, -0.027853379026055336, -0.026194415986537933, -0.02453545108437538, -0.02287648804485798, -0.021217525005340576, -0.019558561965823174, -0.01789959892630577, -0.016240635886788368, -0.014581672847270966, -0.012922708876430988, -0.011263745836913586, -0.009604781866073608, -0.007945818826556206, -0.006286855787038803, -0.004627891816198826, -0.002968928776681423, -0.001309965387918055, 0.00034899800084531307, 0.0020079612731933594, 0.0036669247783720493, 0.005325888283550739, 0.006984851323068142, 0.00864381529390812, 0.010302778333425522, 0.011961741372942924, 0.013620705343782902, 0.015279668383300304, 0.01693863235414028, 0.018597595393657684, 0.020256558433175087, 0.02191552147269249, 0.02357448637485504, 0.025233449414372444, 0.026892412453889847, 0.0285513773560524, 0.0302103403955698, 0.031869303435087204, 0.033528268337249756, 0.03518722951412201, 0.03684619069099426, 0.038505155593156815, 0.04016411677002907, 0.04182308167219162, 0.04348204284906387, 0.045141007751226425, 0.04679997265338898, 0.04845893383026123, 0.05011789873242378, 0.051776863634586334, 0.05343582481145859, 0.05509478971362114, 0.05675375089049339, 0.058412715792655945, 0.0600716769695282, 0.06173064187169075, 0.0633896067738533]}, "gradients/graph_7model.fc1.weight": {"_type": "histogram", "values": [1.0, 0.0, 1.0, 1.0, 5.0, 3.0, 3.0, 9.0, 11.0, 17.0, 18.0, 18.0, 27.0, 27.0, 22.0, 48.0, 65.0, 81.0, 95.0, 117.0, 162.0, 289.0, 436.0, 632.0, 1127.0, 1894.0, 3489.0, 8273.0, 977167.0, 17954.0, 5576.0, 2473.0, 1308.0, 802.0, 486.0, 341.0, 236.0, 183.0, 116.0, 100.0, 74.0, 67.0, 37.0, 28.0, 35.0, 27.0, 12.0, 16.0, 19.0, 4.0, 7.0, 8.0, 7.0, 6.0, 5.0, 9.0, 5.0, 3.0, 3.0, 4.0, 5.0, 3.0, 1.0, 2.0], "bins": [-0.02920786291360855, -0.02819465473294258, -0.027181444689631462, -0.026168234646320343, -0.025155026465654373, -0.024141818284988403, -0.023128608241677284, -0.022115398198366165, -0.021102190017700195, -0.020088981837034225, -0.019075771793723106, -0.018062561750411987, -0.017049353569746017, -0.016036145389080048, -0.015022935345768929, -0.014009726233780384, -0.01299651712179184, -0.011983308009803295, -0.01097009889781475, -0.009956889785826206, -0.008943680673837662, -0.007930471561849117, -0.006917262449860573, -0.005904053337872028, -0.004890844225883484, -0.0038776351138949394, -0.002864426001906395, -0.0018512168899178505, -0.000838007777929306, 0.00017520133405923843, 0.001188410446047783, 0.0022016195580363274, 0.003214828670024872, 0.004228037782013416, 0.005241246894001961, 0.006254456005990505, 0.00726766511797905, 0.008280874229967594, 0.009294083341956139, 0.010307292453944683, 0.011320501565933228, 0.012333710677921772, 0.013346919789910316, 0.014360128901898861, 0.015373338013887405, 0.016386546194553375, 0.017399756237864494, 0.018412966281175613, 0.019426174461841583, 0.020439382642507553, 0.021452592685818672, 0.02246580272912979, 0.02347901090979576, 0.02449221909046173, 0.02550542913377285, 0.02651863917708397, 0.02753184735774994, 0.02854505553841591, 0.029558265581727028, 0.030571475625038147, 0.03158468380570412, 0.03259789198637009, 0.033611103892326355, 0.034624312072992325, 0.035637520253658295]}, "gradients/graph_7model.cell_list.1.conv_can.weight": {"_type": "histogram", "values": [2.0, 2.0, 2.0, 1.0, 1.0, 0.0, 1.0, 0.0, 0.0, 0.0, 1.0, 1.0, 2.0, 0.0, 1.0, 0.0, 3.0, 2.0, 0.0, 1.0, 0.0, 1.0, 2.0, 1.0, 2.0, 5.0, 12.0, 6.0, 8.0, 13.0, 19.0, 17.0, 19.0, 31.0, 23.0, 36.0, 25.0, 1381.0, 21.0, 23.0, 25.0, 25.0, 16.0, 9.0, 6.0, 2.0, 10.0, 5.0, 13.0, 4.0, 7.0, 4.0, 1.0, 2.0, 1.0, 1.0, 2.0, 0.0, 0.0, 1.0, 0.0, 0.0, 0.0, 1.0],