{"gradients/graph_1model.fc2.bias": {"_type": "histogram", "values": [1.0, 0.0, 0.0, 0.0, 0.0, 0.0, 0.0, 0.0, 0.0, 0.0, 0.0, 0.0, 0.0, 0.0, 0.0, 0.0, 0.0, 0.0, 1.0, 0.0, 0.0, 0.0, 0.0, 0.0, 0.0, 0.0, 0.0, 1.0, 1.0, 0.0, 0.0, 0.0, 0.0, 0.0, 1.0, 0.0, 0.0, 0.0, 0.0, 0.0, 0.0, 0.0, 0.0, 0.0, 2.0, 0.0, 0.0, 0.0, 0.0, 0.0, 0.0, 1.0, 1.0, 0.0, 0.0, 0.0, 0.0, 0.0, 0.0, 0.0, 0.0, 0.0, 0.0, 1.0], "bins": [-0.06221386417746544, -0.060510337352752686, -0.05880681052803993, -0.05710328370332718, -0.055399760603904724, -0.05369623005390167, -0.05199270695447922, -0.050289180129766464, -0.04858565330505371, -0.04688212648034096, -0.045178599655628204, -0.04347507283091545, -0.0417715460062027, -0.04006802290678024, -0.03836449608206749, -0.036660969257354736, -0.03495744243264198, -0.03325391560792923, -0.031550388783216476, -0.029846863821148872, -0.02814333699643612, -0.026439810171723366, -0.02473628520965576, -0.02303275838494301, -0.021329231560230255, -0.019625704735517502, -0.01792217791080475, -0.016218652948737144, -0.014515126124024391, -0.012811599299311638, -0.01110807340592146, -0.00940454751253128, -0.007701020687818527, -0.005997494328767061, -0.004293967969715595, -0.0025904416106641293, -0.0008869152516126633, 0.00081661157310009, 0.0025201374664902687, 0.004223663359880447, 0.005927190184593201, 0.007630716543644667, 0.009334242902696133, 0.011037768796086311, 0.012741295620799065, 0.014444822445511818, 0.016148347407579422, 0.017851874232292175, 0.01955540105700493, 0.021258927881717682, 0.022962454706430435, 0.02466597966849804, 0.026369506493210793, 0.028073033317923546, 0.02977655827999115, 0.0314800851047039, 0.033183611929416656, 0.03488713875412941, 0.03659066557884216, 0.038294192403554916, 0.03999771922826767, 0.041701242327690125, 0.04340476915240288, 0.04510829597711563, 0.046811822801828384]}, "_timestamp": 1691093758.4025464, "gradients/graph_1model.fc2.weight": {"_type": "histogram", "values": [1.0, 0.0, 0.0, 1.0, 0.0, 0.0, 0.0, 0.0, 0.0, 0.0, 0.0, 0.0, 0.0, 1.0, 0.0, 1.0, 0.0, 0.0, 3.0, 0.0, 3.0, 1.0, 2.0, 1.0, 4.0, 2.0, 7.0, 7.0, 12.0, 14.0, 13.0, 22.0, 21.0, 38.0, 696.0, 37.0, 33.0, 21.0, 14.0, 14.0, 7.0, 3.0, 5.0, 2.0, 3.0, 3.0, 1.0, 3.0, 0.0, 0.0, 1.0, 1.0, 1.0, 0.0, 0.0, 0.0, 0.0, 0.0, 0.0, 0.0, 0.0, 0.0, 0.0, 1.0], "bins": [-1.2204686403274536, -1.184667944908142, -1.1488672494888306, -1.113066554069519, -1.077265739440918, -1.0414650440216064, -1.005664348602295, -0.9698636531829834, -0.9340629577636719, -0.8982622623443604, -0.8624615669250488, -0.8266608119010925, -0.790860116481781, -0.7550594210624695, -0.7192586660385132, -0.6834579706192017, -0.6476572751998901, -0.6118565797805786, -0.5760558843612671, -0.5402551293373108, -0.5044544339179993, -0.46865373849868774, -0.43285301327705383, -0.3970522880554199, -0.3612515926361084, -0.3254508972167969, -0.28965017199516296, -0.25384944677352905, -0.21804875135421753, -0.1822480410337448, -0.1464473307132721, -0.11064660549163818, -0.07484602928161621, -0.039045318961143494, -0.0032446086406707764, 0.03255610167980194, 0.06835681200027466, 0.10415752232074738, 0.1399582326412201, 0.175758957862854, 0.21155965328216553, 0.24736036360263824, 0.28316107392311096, 0.3189617991447449, 0.3547624945640564, 0.3905631899833679, 0.42636391520500183, 0.46216464042663574, 0.49796533584594727, 0.5337660312652588, 0.5695667266845703, 0.6053674817085266, 0.6411681771278381, 0.6769688725471497, 0.712769627571106, 0.7485703229904175, 0.784371018409729, 0.8201717138290405, 0.855972409248352, 0.8917731642723083, 0.9275738596916199, 0.9633745551109314, 0.9991753101348877, 1.0349760055541992, 1.0707767009735107]}, "gradients/graph_1model.fc1.bias": {"_type": "histogram", "values": [1.0, 0.0, 0.0, 0.0, 1.0, 0.0, 0.0, 0.0, 1.0, 1.0, 0.0, 0.0, 1.0, 1.0, 0.0, 1.0, 0.0, 0.0, 1.0, 0.0, 0.0, 0.0, 0.0, 0.0, 1.0, 0.0, 1.0, 0.0, 2.0, 1.0, 1.0, 2.0, 0.0, 67.0, 0.0, 0.0, 1.0, 2.0, 2.0, 3.0, 0.0, 1.0, 1.0, 1.0, 1.0, 0.0, 0.0, 0.0, 1.0, 1.0, 0.0, 0.0, 0.0, 0.0, 0.0, 0.0, 0.0, 0.0, 0.0, 0.0, 1.0, 1.0, 0.0, 1.0], "bins": [-0.01859894208610058, -0.01803763397037983, -0.01747632585465908, -0.01691501773893833, -0.016353709623217583, -0.015792401507496834, -0.015231093391776085, -0.014669785276055336, -0.014108477160334587, -0.013547169044613838, -0.01298586092889309, -0.01242455281317234, -0.011863244697451591, -0.011301936581730843, -0.010740628466010094, -0.010179320350289345, -0.00961801316589117, -0.009056705050170422, -0.008495396934449673, -0.007934088818728924, -0.007372780703008175, -0.006811472587287426, -0.006250164937227964, -0.0056888568215072155, -0.005127548705786467, -0.004566240590065718, -0.004004932474344969, -0.0034436245914548635, -0.0028823164757341146, -0.0023210083600133657, -0.0017597004771232605, -0.0011983923614025116, -0.0006370842456817627, -7.577618816867471e-05, 0.0004855318693444133, 0.0010468398686498404, 0.0016081479843705893, 0.002169456100091338, 0.0027307639829814434, 0.0032920720987021923, 0.003853380214422941, 0.00441468833014369, 0.004975996445864439, 0.005537304095923901, 0.0060986122116446495, 0.006659920327365398, 0.007221228443086147, 0.007782536558806896, 0.008343844674527645, 0.008905152790248394, 0.009466460905969143, 0.010027769021689892, 0.01058907713741064, 0.01115038525313139, 0.011711692437529564, 0.012273000553250313, 0.012834308668971062, 0.01339561678469181, 0.01395692490041256, 0.014518233016133308, 0.015079541131854057, 0.015640849247574806, 0.016202157363295555, 0.016763465479016304, 0.017324773594737053]}, "gradients/graph_1model.fc1.weight": {"_type": "histogram", "values": [1.0, 4.0, 3.0, 2.0, 2.0, 5.0, 6.0, 10.0, 19.0, 23.0, 26.0, 31.0, 45.0, 78.0, 108.0, 138.0, 212.0, 316.0, 428.0, 567.0, 726.0, 1006.0, 1364.0, 1745.0, 2368.0, 3148.0, 4054.0, 5437.0, 7136.0, 9642.0, 12630.0, 16848.0, 22105.0, 29383.0, 776070.0, 34839.0, 24038.0, 17855.0, 13358.0, 9936.0, 7440.0, 5590.0, 4064.0, 3004.0, 2203.0, 1651.0, 1223.0, 872.0, 658.0, 432.0, 329.0, 237.0, 179.0, 110.0, 96.0, 76.0, 42.0, 31.0, 28.0, 7.0, 9.0, 3.0, 2.0, 2.0], "bins": [-0.016723843291401863, -0.016240494325757027, -0.01575714349746704, -0.015273794531822205, -0.014790444634854794, -0.014307094737887383, -0.013823745772242546, -0.013340395875275135, -0.012857045978307724, -0.012373696081340313, -0.011890347115695477, -0.011406997218728065, -0.010923647321760654, -0.010440297424793243, -0.009956948459148407, -0.009473598562180996, -0.008990248665213585, -0.008506898768246174, -0.008023549802601337, -0.007540199905633926, -0.007056850008666515, -0.006573500577360392, -0.006090151146054268, -0.005606801249086857, -0.00512345228344202, -0.004640102852135897, -0.004156752955168486, -0.003673403523862362, -0.003190053626894951, -0.002706704195588827, -0.0022233545314520597, -0.0017400048673152924, -0.0012566549703478813, -0.0007733053062111139, -0.00028995570028200746, 0.00019339390564709902, 0.0006767435697838664, 0.001160093117505312, 0.0016434427816420794, 0.0021267924457788467, 0.002610142109915614, 0.0030934917740523815, 0.003576841438189149, 0.004060191102325916, 0.00454354053363204, 0.005026889964938164, 0.005510239861905575, 0.005993589758872986, 0.00647693919017911, 0.006960288621485233, 0.007443638518452644, 0.007926988415420055, 0.008410337381064892, 0.008893687278032303, 0.009377037174999714, 0.009860387071967125, 0.010343736037611961, 0.010827085934579372, 0.011310434900224209, 0.01179378479719162, 0.012277134694159031, 0.012760484591126442, 0.013243833556771278, 0.01372718345373869, 0.0142105333507061]}, "gradients/graph_1model.cell_list.1.conv_can.weight": {"_type": "histogram", "values": [2.0, 1.0, 3.0, 1.0, 2.0, 1.0, 5.0, 7.0, 5.0, 6.0, 4.0, 8.0, 9.0, 14.0, 18.0, 18.0, 34.0, 55.0, 68.0, 1082.0, 96.0, 69.0, 45.0, 37.0, 39.0, 22.0, 19.0, 11.0, 21.0, 10.0, 13.0, 11.0, 15.0, 11.0, 4.0, 5.0, 5.0, 1.0, 0.0, 4.0, 3.0, 2.0, 1.0, 1.0, 1.0, 1.0, 0.0, 2.0, 0.0, 0.0, 1.0, 0.0, 2.0, 0.0, 1.0, 1.0, 0.0, 0.0, 0.0, 0.0, 2.0, 0.0, 0.0, 1.0],