{"gradients/graph_2model.fc2.bias": {"_type": "histogram", "values": [1.0, 0.0, 0.0, 0.0, 0.0, 0.0, 0.0, 0.0, 0.0, 0.0, 0.0, 0.0, 0.0, 0.0, 1.0, 0.0, 0.0, 0.0, 0.0, 0.0, 0.0, 0.0, 0.0, 0.0, 0.0, 0.0, 1.0, 1.0, 0.0, 0.0, 0.0, 0.0, 0.0, 0.0, 0.0, 0.0, 0.0, 0.0, 0.0, 1.0, 1.0, 1.0, 0.0, 0.0, 0.0, 0.0, 1.0, 0.0, 0.0, 0.0, 0.0, 0.0, 0.0, 0.0, 0.0, 0.0, 0.0, 0.0, 0.0, 0.0, 0.0, 0.0, 0.0, 2.0], "bins": [-0.11990047246217728, -0.11661331355571747, -0.11332615464925766, -0.11003899574279785, -0.10675184428691864, -0.10346468538045883, -0.10017752647399902, -0.09689036756753922, -0.0936032086610794, -0.0903160497546196, -0.08702889084815979, -0.08374173939228058, -0.08045458048582077, -0.07716742157936096, -0.07388026267290115, -0.07059310376644135, -0.06730595231056213, -0.06401879340410233, -0.060731638222932816, -0.05744447931647301, -0.0541573241353035, -0.05087016522884369, -0.04758300632238388, -0.04429584741592407, -0.04100869223475456, -0.037721533328294754, -0.034434378147125244, -0.031147219240665436, -0.027860062196850777, -0.024572905153036118, -0.02128574624657631, -0.01799858920276165, -0.014711432158946991, -0.011424275115132332, -0.008137117139995098, -0.004849959164857864, -0.0015628021210432053, 0.0017243549227714539, 0.005011513829231262, 0.008298670873045921, 0.01158582791686058, 0.01487298496067524, 0.0181601420044899, 0.021447300910949707, 0.024734457954764366, 0.028021614998579025, 0.031308773905038834, 0.034595929086208344, 0.03788308799266815, 0.04117024689912796, 0.04445740208029747, 0.04774456098675728, 0.05103171616792679, 0.0543188750743866, 0.057606033980846405, 0.06089319288730621, 0.06418034434318542, 0.06746750324964523, 0.07075466215610504, 0.07404181361198425, 0.07732897251844406, 0.08061613142490387, 0.08390329033136368, 0.08719044923782349, 0.0904776081442833]}, "_timestamp": 1691094229.5798912, "gradients/graph_2model.fc2.weight": {"_type": "histogram", "values": [1.0, 0.0, 0.0, 0.0, 0.0, 0.0, 0.0, 0.0, 0.0, 0.0, 0.0, 1.0, 0.0, 0.0, 1.0, 1.0, 0.0, 0.0, 0.0, 2.0, 1.0, 2.0, 4.0, 4.0, 5.0, 6.0, 3.0, 8.0, 15.0, 6.0, 13.0, 19.0, 21.0, 25.0, 22.0, 24.0, 557.0, 50.0, 43.0, 36.0, 29.0, 20.0, 24.0, 7.0, 15.0, 9.0, 6.0, 6.0, 3.0, 1.0, 2.0, 1.0, 3.0, 0.0, 0.0, 0.0, 0.0, 0.0, 0.0, 0.0, 1.0, 2.0, 0.0, 1.0], "bins": [-0.3350304663181305, -0.3259258270263672, -0.3168211579322815, -0.3077164888381958, -0.2986118495464325, -0.2895072102546692, -0.2804025411605835, -0.2712978720664978, -0.2621932327747345, -0.2530885934829712, -0.2439839243888855, -0.234879270195961, -0.2257746160030365, -0.216669961810112, -0.2075653076171875, -0.198460653424263, -0.1893559992313385, -0.180251345038414, -0.1711466908454895, -0.162042036652565, -0.1529373824596405, -0.143832728266716, -0.1347280740737915, -0.125623419880867, -0.1165187656879425, -0.107414111495018, -0.0983094573020935, -0.089204803109169, -0.0801001489162445, -0.07099549472332001, -0.06189084053039551, -0.05278618633747101, -0.0436815470457077, -0.0345768928527832, -0.025472238659858704, -0.016367584466934204, -0.007262930274009705, 0.001841723918914795, 0.010946378111839294, 0.020051032304763794, 0.029155686497688293, 0.03826034069061279, 0.04736499488353729, 0.05646964907646179, 0.06557430326938629, 0.07467895746231079, 0.08378361165523529, 0.09288826584815979, 0.10199292004108429, 0.11109757423400879, 0.12020222842693329, 0.1293068826198578, 0.1384115368127823, 0.1475161910057068, 0.1566208451986313, 0.1657254993915558, 0.17483015358448029, 0.18393480777740479, 0.19303946197032928, 0.20214411616325378, 0.21124877035617828, 0.22035342454910278, 0.22945807874202728, 0.23856273293495178, 0.24766738712787628]}, "gradients/graph_2model.fc1.bias": {"_type": "histogram", "values": [1.0, 0.0, 0.0, 0.0, 0.0, 0.0, 0.0, 0.0, 0.0, 0.0, 0.0, 0.0, 0.0, 0.0, 1.0, 0.0, 0.0, 0.0, 1.0, 1.0, 3.0, 0.0, 1.0, 1.0, 0.0, 0.0, 1.0, 1.0, 1.0, 1.0, 1.0, 1.0, 1.0, 56.0, 1.0, 1.0, 1.0, 1.0, 1.0, 2.0, 2.0, 0.0, 2.0, 0.0, 2.0, 0.0, 4.0, 1.0, 0.0, 2.0, 0.0, 0.0, 1.0, 1.0, 2.0, 0.0, 2.0, 0.0, 1.0, 0.0, 0.0, 0.0, 0.0, 1.0], "bins": [-0.0316103994846344, -0.03067205660045147, -0.02973371185362339, -0.02879536896944046, -0.02785702422261238, -0.02691868133842945, -0.02598033845424652, -0.025041993707418442, -0.024103650823235512, -0.023165307939052582, -0.022226963192224503, -0.021288620308041573, -0.020350275561213493, -0.019411932677030563, -0.018473587930202484, -0.017535245046019554, -0.016596902161836624, -0.015658559277653694, -0.014720214530825615, -0.013781871646642685, -0.01284352783113718, -0.011905184015631676, -0.010966840200126171, -0.010028496384620667, -0.009090151637792587, -0.008151807822287083, -0.007213464472442865, -0.006275120656937361, -0.0053367773070931435, -0.004398433491587639, -0.0034600896760821342, -0.002521746326237917, -0.0015834029763936996, -0.0006450593355111778, 0.0002932843053713441, 0.0012316280044615269, 0.002169971587136388, 0.0031083151698112488, 0.004046658985316753, 0.004985002335160971, 0.005923346150666475, 0.00686168996617198, 0.007800033316016197, 0.008738377131521702, 0.009676720947027206, 0.010615063831210136, 0.011553408578038216, 0.012491751462221146, 0.01343009527772665, 0.014368439093232155, 0.01530678290873766, 0.016245126724243164, 0.017183469608426094, 0.018121812492609024, 0.019060157239437103, 0.019998500123620033, 0.020936844870448112, 0.021875187754631042, 0.02281353250145912, 0.02375187538564205, 0.02469022013247013, 0.02562856301665306, 0.02656690776348114, 0.02750525064766407, 0.028443593531847]}, "gradients/graph_2model.fc1.weight": {"_type": "histogram", "values": [1.0, 2.0, 1.0, 5.0, 11.0, 10.0, 6.0, 20.0, 32.0, 46.0, 44.0, 89.0, 105.0, 138.0, 186.0, 239.0, 266.0, 336.0, 459.0, 578.0, 815.0, 1131.0, 1645.0, 2323.0, 3359.0, 4834.0, 6907.0, 9719.0, 14096.0, 20840.0, 30512.0, 48569.0, 609224.0, 68070.0, 50148.0, 37127.0, 28704.0, 21464.0, 16073.0, 12010.0, 8937.0, 6867.0, 5119.0, 3702.0, 2749.0, 2030.0, 1412.0, 1045.0, 681.0, 420.0, 339.0, 216.0, 130.0, 90.0, 48.0, 26.0, 25.0, 8.0, 6.0, 2.0, 3.0, 0.0, 0.0, 1.0], "bins": [-0.008757122792303562, -0.008489060215651989, -0.008220996707677841, -0.007952934131026268, -0.007684871554374695, -0.007416808512061834, -0.007148745469748974, -0.006880682893097401, -0.00661261985078454, -0.00634455680847168, -0.0060764942318201065, -0.005808431189507246, -0.0055403681471943855, -0.005272305570542812, -0.005004242528229952, -0.004736179485917091, -0.004468116909265518, -0.004200053866952658, -0.0039319912903010845, -0.003663928247988224, -0.003395865438506007, -0.0031278026290237904, -0.00285973958671093, -0.002591676777228713, -0.002323613967746496, -0.0020555511582642794, -0.0017874882323667407, -0.001519425306469202, -0.0012513624969869852, -0.0009832996875047684, -0.0007152367616072297, -0.00044717383570969105, -0.0001791100949048996, 8.895277278497815e-05, 0.0003570156404748559, 0.0006250785081647336, 0.0008931413758546114, 0.0011612041853368282, 0.001429267111234367, 0.0016973300371319056, 0.0019653928466141224, 0.0022334556560963392, 0.002501518465578556, 0.0027695815078914165, 0.0030376443173736334, 0.0033057071268558502, 0.0035737701691687107, 0.0038418329786509275, 0.004109895788133144, 0.004377958830446005, 0.004646021407097578, 0.0049140844494104385, 0.005182147026062012, 0.005450210068374872, 0.005718273110687733, 0.005986335687339306, 0.006254398729652166, 0.006522461771965027, 0.0067905243486166, 0.0070585873909294605, 0.007326650433242321, 0.007594713009893894, 0.007862775586545467, 0.008130839094519615, 0.008398901671171188]}, "gradients/graph_2model.cell_list.1.conv_can.weight": {"_type": "histogram", "values": [3.0, 3.0, 1.0, 2.0, 7.0, 9.0, 5.0, 5.0, 5.0, 15.0, 11.0, 13.0, 18.0, 27.0, 24.0, 12.0, 7.0, 15.0, 20.0, 19.0, 36.0, 24.0, 20.0, 46.0, 27.0, 49.0, 56.0, 944.0, 45.0, 52.0, 23.0, 26.0, 31.0, 19.0, 20.0, 32.0, 22.0, 19.0, 13.0, 13.0, 6.0, 4.0, 5.0, 8.0, 2.0, 2.0, 2.0, 5.0, 3.0, 3.0, 3.0, 1.0, 0.0, 2.0, 1.0, 0.0, 0.0, 3.0, 1.0, 1.0, 0.0, 2.0, 5.0, 3.0],