{"gradients/graph_6model.fc2.bias": {"_type": "histogram", "values": [1.0, 1.0, 0.0, 0.0, 0.0, 0.0, 0.0, 0.0, 0.0, 0.0, 0.0, 0.0, 0.0, 0.0, 0.0, 0.0, 0.0, 0.0, 0.0, 0.0, 0.0, 0.0, 0.0, 0.0, 0.0, 0.0, 0.0, 0.0, 0.0, 1.0, 0.0, 0.0, 0.0, 0.0, 0.0, 0.0, 1.0, 0.0, 0.0, 0.0, 0.0, 0.0, 0.0, 0.0, 0.0, 0.0, 0.0, 0.0, 0.0, 0.0, 1.0, 2.0, 0.0, 0.0, 0.0, 0.0, 1.0, 0.0, 0.0, 1.0, 0.0, 0.0, 0.0, 1.0], "bins": [-0.04425307735800743, -0.04314962401986122, -0.04204616695642471, -0.0409427136182785, -0.039839260280132294, -0.038735806941986084, -0.037632349878549576, -0.036528896540403366, -0.03542543947696686, -0.03432198613882065, -0.03321852907538414, -0.03211507573723793, -0.03101162239909172, -0.02990816719830036, -0.028804711997509003, -0.027701258659362793, -0.026597805321216583, -0.025494350120425224, -0.024390896782279015, -0.023287441581487656, -0.022183988243341446, -0.021080533042550087, -0.019977077841758728, -0.01887362450361252, -0.01777016930282116, -0.0166667141020298, -0.01556326076388359, -0.014459805563092232, -0.013356351293623447, -0.012252897024154663, -0.011149441823363304, -0.01004598755389452, -0.008942537009716034, -0.00783908274024725, -0.006735628005117178, -0.005632173269987106, -0.004528719000518322, -0.0034252647310495377, -0.002321809995919466, -0.0012183552607893944, -0.00011490099132061005, 0.000988553510978818, 0.002092008013278246, 0.003195462515577674, 0.004298917017877102, 0.005402371287345886, 0.006505826022475958, 0.0076092807576060295, 0.008712735027074814, 0.009816189296543598, 0.010919643566012383, 0.012023098766803741, 0.013126553036272526, 0.01423000730574131, 0.015333462506532669, 0.01643691584467888, 0.017540371045470238, 0.018643826246261597, 0.019747279584407806, 0.020850734785199165, 0.021954189985990524, 0.023057643324136734, 0.024161098524928093, 0.025264553725719452, 0.02636800706386566]}, "_timestamp": 1691020994.588279, "gradients/graph_6model.fc2.weight": {"_type": "histogram", "values": [1.0, 0.0, 1.0, 0.0, 0.0, 0.0, 0.0, 0.0, 0.0, 0.0, 0.0, 0.0, 0.0, 0.0, 0.0, 1.0, 0.0, 1.0, 1.0, 0.0, 0.0, 1.0, 0.0, 0.0, 0.0, 1.0, 0.0, 0.0, 2.0, 2.0, 1.0, 2.0, 2.0, 2.0, 5.0, 8.0, 13.0, 25.0, 31.0, 46.0, 583.0, 121.0, 77.0, 28.0, 12.0, 6.0, 5.0, 8.0, 1.0, 3.0, 1.0, 0.0, 3.0, 2.0, 1.0, 0.0, 0.0, 1.0, 0.0, 0.0, 0.0, 0.0, 0.0, 2.0], "bins": [-1.3759856224060059, -1.3422123193740845, -1.308439016342163, -1.2746655941009521, -1.2408922910690308, -1.2071189880371094, -1.173345685005188, -1.1395723819732666, -1.1057989597320557, -1.0720256567001343, -1.038252353668213, -1.004478931427002, -0.9707056283950806, -0.9369323253631592, -0.9031590223312378, -0.8693857192993164, -0.835612416267395, -0.8018391132354736, -0.7680657505989075, -0.7342924475669861, -0.7005190849304199, -0.6667457818984985, -0.6329724788665771, -0.5991991758346558, -0.5654258131980896, -0.5316525101661682, -0.49787914752960205, -0.46410584449768066, -0.4303325116634369, -0.3965591788291931, -0.36278587579727173, -0.32901254296302795, -0.29523926973342896, -0.2614659368991852, -0.2276926189661026, -0.19391930103302002, -0.16014596819877625, -0.12637263536453247, -0.09259931743144989, -0.05882599949836731, -0.025052666664123535, 0.008720658719539642, 0.04249398410320282, 0.076267309486866, 0.11004063487052917, 0.14381396770477295, 0.17758728563785553, 0.2113606035709381, 0.24513393640518188, 0.27890726923942566, 0.31268060207366943, 0.3464539051055908, 0.3802272379398346, 0.41400057077407837, 0.44777387380599976, 0.48154720664024353, 0.5153205394744873, 0.5490938425064087, 0.5828672051429749, 0.6166405081748962, 0.6504138708114624, 0.6841871738433838, 0.7179604768753052, 0.7517337799072266, 0.7855071425437927]}, "gradients/graph_6model.fc1.bias": {"_type": "histogram", "values": [1.0, 0.0, 0.0, 0.0, 0.0, 0.0, 0.0, 0.0, 0.0, 0.0, 0.0, 0.0, 0.0, 0.0, 0.0, 1.0, 0.0, 0.0, 1.0, 0.0, 2.0, 0.0, 1.0, 1.0, 1.0, 3.0, 3.0, 2.0, 0.0, 0.0, 2.0, 2.0, 3.0, 3.0, 55.0, 4.0, 3.0, 1.0, 0.0, 2.0, 0.0, 0.0, 2.0, 0.0, 0.0, 2.0, 1.0, 0.0, 0.0, 0.0, 1.0, 0.0, 1.0, 1.0, 0.0, 0.0, 0.0, 0.0, 0.0, 0.0, 0.0, 0.0, 0.0, 1.0], "bins": [-0.019118985161185265, -0.018567904829978943, -0.01801682449877262, -0.01746574603021145, -0.016914665699005127, -0.016363585367798805, -0.015812505036592484, -0.015261424705386162, -0.014710345305502415, -0.014159264974296093, -0.013608185574412346, -0.013057105243206024, -0.012506024911999702, -0.011954945512115955, -0.011403865180909634, -0.010852785781025887, -0.010301705449819565, -0.009750625118613243, -0.009199545718729496, -0.008648465387523174, -0.008097385987639427, -0.0075463056564331055, -0.006995225325226784, -0.006444145459681749, -0.005893065594136715, -0.0053419857285916805, -0.004790905863046646, -0.004239825531840324, -0.00368874566629529, -0.0031376658007502556, -0.0025865857023745775, -0.0020355056039988995, -0.0014844276010990143, -0.000933347619138658, -0.0003822676371783018, 0.00016881234478205442, 0.0007198923267424107, 0.001270972192287445, 0.0018220522906631231, 0.002373132389038801, 0.0029242122545838356, 0.00347529212012887, 0.004026371985673904, 0.004577452316880226, 0.0051285321824252605, 0.005679612047970295, 0.006230692379176617, 0.006781772244721651, 0.0073328521102666855, 0.007883932441473007, 0.008435011841356754, 0.008986092172563076, 0.009537171572446823, 0.010088251903653145, 0.010639332234859467, 0.011190412566065788, 0.011741491965949535, 0.012292572297155857, 0.012843651697039604, 0.013394732028245926, 0.013945812359452248, 0.014496891759335995, 0.015047972090542316, 0.015599051490426064, 0.016150131821632385]}, "gradients/graph_6model.fc1.weight": {"_type": "histogram", "values": [1.0, 0.0, 1.0, 1.0, 0.0, 0.0, 2.0, 5.0, 6.0, 8.0, 23.0, 42.0, 41.0, 57.0, 81.0, 142.0, 230.0, 278.0, 349.0, 521.0, 662.0, 961.0, 1397.0, 1935.0, 2783.0, 3716.0, 5044.0, 7076.0, 9376.0, 12243.0, 15882.0, 20262.0, 27185.0, 38744.0, 63550.0, 687057.0, 37300.0, 22865.0, 15818.0, 11497.0, 8916.0, 6774.0, 5277.0, 4137.0, 3174.0, 2308.0, 1788.0, 1307.0, 962.0, 722.0, 507.0, 305.0, 230.0, 160.0, 107.0, 81.0, 50.0, 25.0, 12.0, 10.0, 4.0, 1.0, 0.0, 2.0], "bins": [-0.028348572552204132, -0.027541009709239006, -0.02673344500362873, -0.025925882160663605, -0.02511831931769848, -0.024310756474733353, -0.023503191769123077, -0.02269562892615795, -0.021888066083192825, -0.0210805032402277, -0.020272938534617424, -0.019465375691652298, -0.018657812848687172, -0.017850250005722046, -0.01704268530011177, -0.016235122457146645, -0.01542755775153637, -0.014619993977248669, -0.013812431134283543, -0.013004867359995842, -0.012197304517030716, -0.011389740742743015, -0.010582176968455315, -0.009774614125490189, -0.008967050351202488, -0.008159486576914787, -0.007351923733949661, -0.006544359959661961, -0.005736796651035547, -0.004929233342409134, -0.004121669568121433, -0.00331410625949502, -0.002506544813513756, -0.0016989813884720206, -0.0008914179634302855, -8.385442197322845e-05, 0.0007237088866531849, 0.0015312721952795982, 0.002338835969567299, 0.0031463992781937122, 0.003953962586820126, 0.004761525895446539, 0.005569089204072952, 0.006376652978360653, 0.007184216286987066, 0.00799177959561348, 0.00879934336990118, 0.009606907144188881, 0.010414469987154007, 0.011222033761441708, 0.012029596604406834, 0.012837160378694534, 0.01364472322165966, 0.014452286995947361, 0.015259850770235062, 0.016067413613200188, 0.016874976456165314, 0.01768253929913044, 0.018490104004740715, 0.01929766684770584, 0.020105229690670967, 0.020912792533636093, 0.02172035723924637, 0.022527920082211494, 0.02333548478782177]}, "gradients/graph_6model.cell_list.1.conv_can.weight": {"_type": "histogram", "values": [2.0, 0.0, 0.0, 1.0, 0.0, 1.0, 0.0, 0.0, 0.0, 1.0, 0.0, 1.0, 0.0, 0.0, 0.0, 1.0, 0.0, 0.0, 1.0, 2.0, 0.0, 4.0, 2.0, 1.0, 4.0, 3.0, 4.0, 4.0, 3.0, 7.0, 7.0, 6.0, 17.0, 13.0, 18.0, 15.0, 36.0, 39.0, 124.0, 181.0, 1138.0, 69.0, 30.0, 20.0, 12.0, 9.0, 6.0, 1.0, 3.0, 2.0, 0.0, 0.0, 0.0, 1.0, 2.0, 1.0, 0.0, 2.0, 0.0, 2.0, 2.0, 1.0, 0.0, 1.0],