{"gradients/graph_9model.fc2.bias": {"_type": "histogram", "values": [1.0, 0.0, 0.0, 0.0, 0.0, 0.0, 0.0, 0.0, 0.0, 0.0, 0.0, 0.0, 0.0, 0.0, 0.0, 0.0, 1.0, 0.0, 0.0, 0.0, 0.0, 0.0, 0.0, 0.0, 1.0, 0.0, 1.0, 0.0, 0.0, 0.0, 0.0, 0.0, 1.0, 0.0, 1.0, 0.0, 0.0, 0.0, 0.0, 0.0, 0.0, 1.0, 0.0, 0.0, 0.0, 0.0, 0.0, 0.0, 0.0, 0.0, 0.0, 0.0, 1.0, 0.0, 0.0, 0.0, 1.0, 0.0, 0.0, 0.0, 0.0, 0.0, 0.0, 1.0], "bins": [-0.08743546158075333, -0.08493516594171524, -0.08243487030267715, -0.07993456721305847, -0.07743427157402039, -0.0749339759349823, -0.07243368029594421, -0.06993338465690613, -0.06743308901786804, -0.06493279337882996, -0.06243249401450157, -0.059932198375463486, -0.0574318990111351, -0.054931603372097015, -0.05243130773305893, -0.049931012094020844, -0.04743070900440216, -0.044930413365364075, -0.04243011400103569, -0.039929818361997604, -0.03742951899766922, -0.034929223358631134, -0.03242892771959305, -0.029928630217909813, -0.027428332716226578, -0.024928035214543343, -0.022427737712860107, -0.01992744207382202, -0.017427144572138786, -0.014926847070455551, -0.01242655050009489, -0.00992625392973423, -0.007425956428050995, -0.004925659392029047, -0.002425362356007099, 7.493468001484871e-05, 0.0025752317160367966, 0.005075529217720032, 0.007575825788080692, 0.010076122358441353, 0.012576419860124588, 0.015076717361807823, 0.01757701486349106, 0.020077310502529144, 0.02257760800421238, 0.025077905505895615, 0.0275782011449337, 0.030078498646616936, 0.03257879614830017, 0.03507909178733826, 0.03757939115166664, 0.04007968679070473, 0.04257998615503311, 0.0450802817940712, 0.04758057743310928, 0.05008087307214737, 0.052581172436475754, 0.05508146807551384, 0.057581767439842224, 0.06008206307888031, 0.0625823587179184, 0.06508265435695648, 0.06758295744657516, 0.07008325308561325, 0.07258354872465134]}, "_timestamp": 1691021928.3135812, "gradients/graph_9model.fc2.weight": {"_type": "histogram", "values": [2.0, 0.0, 0.0, 0.0, 1.0, 1.0, 2.0, 0.0, 1.0, 0.0, 1.0, 3.0, 1.0, 1.0, 4.0, 3.0, 2.0, 1.0, 4.0, 3.0, 3.0, 2.0, 4.0, 5.0, 6.0, 9.0, 10.0, 13.0, 14.0, 18.0, 19.0, 20.0, 19.0, 46.0, 105.0, 481.0, 22.0, 15.0, 21.0, 19.0, 11.0, 11.0, 7.0, 5.0, 11.0, 12.0, 6.0, 11.0, 6.0, 7.0, 4.0, 6.0, 7.0, 2.0, 3.0, 3.0, 0.0, 1.0, 2.0, 1.0, 1.0, 0.0, 0.0, 2.0], "bins": [-0.07341225445270538, -0.07131766527891159, -0.0692230835556984, -0.0671284943819046, -0.0650339126586914, -0.06293932348489761, -0.06084473803639412, -0.058750152587890625, -0.05665556713938713, -0.054560981690883636, -0.05246639624238014, -0.05037181079387665, -0.048277221620082855, -0.04618263989686966, -0.04408805072307587, -0.04199346527457237, -0.03989887982606888, -0.037804294377565384, -0.03570970892906189, -0.033615123480558395, -0.0315205380320549, -0.029425950720906258, -0.027331363409757614, -0.02523677796125412, -0.023142192512750626, -0.02104760706424713, -0.018953021615743637, -0.016858434304594994, -0.0147638488560915, -0.012669263407588005, -0.010574677027761936, -0.008480090647935867, -0.006385497748851776, -0.0042909118346869946, -0.002196325920522213, -0.00010174000635743141, 0.00199284590780735, 0.004087431356310844, 0.006182017736136913, 0.008276604115962982, 0.010371189564466476, 0.01246577501296997, 0.01456036139279604, 0.01665494777262211, 0.018749533221125603, 0.020844118669629097, 0.02293870598077774, 0.025033291429281235, 0.02712787687778473, 0.029222462326288223, 0.03131704777479172, 0.03341163322329521, 0.035506218671798706, 0.0376008078455925, 0.03969539329409599, 0.04178997874259949, 0.04388456419110298, 0.045979149639606476, 0.04807373508810997, 0.050168320536613464, 0.05226290971040726, 0.05435749143362045, 0.056452080607414246, 0.05854666605591774, 0.060641251504421234]}, "gradients/graph_9model.fc1.bias": {"_type": "histogram", "values": [1.0, 0.0, 1.0, 0.0, 0.0, 0.0, 0.0, 1.0, 1.0, 0.0, 1.0, 0.0, 0.0, 1.0, 0.0, 1.0, 1.0, 3.0, 1.0, 1.0, 1.0, 4.0, 3.0, 43.0, 0.0, 1.0, 2.0, 2.0, 1.0, 2.0, 1.0, 1.0, 0.0, 0.0, 0.0, 2.0, 4.0, 3.0, 2.0, 2.0, 2.0, 0.0, 1.0, 0.0, 1.0, 0.0, 1.0, 1.0, 1.0, 3.0, 0.0, 0.0, 1.0, 1.0, 0.0, 0.0, 0.0, 0.0, 0.0, 0.0, 0.0, 0.0, 0.0, 1.0], "bins": [-0.014461128041148186, -0.013855251483619213, -0.01324937492609024, -0.012643498368561268, -0.012037621811032295, -0.011431746184825897, -0.010825869627296925, -0.010219993069767952, -0.00961411651223898, -0.009008239954710007, -0.008402363397181034, -0.007796487305313349, -0.007190610747784376, -0.0065847341902554035, -0.005978858098387718, -0.005372981540858746, -0.004767104983329773, -0.0041612284258008, -0.0035553521011024714, -0.0029494757764041424, -0.0023435992188751698, -0.0017377226613461971, -0.0011318463366478682, -0.0005259700119495392, 7.990654557943344e-05, 0.0006857829866930842, 0.001291659427806735, 0.0018975358689203858, 0.0025034123100340366, 0.0031092888675630093, 0.0037151651922613382, 0.004321041516959667, 0.004926916211843491, 0.005532792769372463, 0.006138669326901436, 0.006744545418769121, 0.007350421976298094, 0.007956298068165779, 0.008562174625694752, 0.009168051183223724, 0.009773927740752697, 0.01037980429828167, 0.010985680855810642, 0.011591557413339615, 0.012197433039546013, 0.01280331052839756, 0.013409186154603958, 0.01401506271213293, 0.014620939269661903, 0.015226815827190876, 0.01583269238471985, 0.016438568010926247, 0.017044445499777794, 0.017650321125984192, 0.01825619861483574, 0.018862074241042137, 0.019467949867248535, 0.020073825493454933, 0.02067970298230648, 0.02128557860851288, 0.021891456097364426, 0.022497331723570824, 0.02310320921242237, 0.02370908483862877, 0.024314962327480316]}, "gradients/graph_9model.fc1.weight": {"_type": "histogram", "values": [3.0, 3.0, 9.0, 13.0, 21.0, 37.0, 79.0, 138.0, 224.0, 370.0, 537.0, 912.0, 1252.0, 1858.0, 2779.0, 3958.0, 5532.0, 8017.0, 11035.0, 14991.0, 20217.0, 25872.0, 33921.0, 43377.0, 545413.0, 47334.0, 41945.0, 37643.0, 33640.0, 29286.0, 25060.0, 20336.0, 16393.0, 12621.0, 9850.0, 7581.0, 5745.0, 4273.0, 3178.0, 2289.0, 1643.0, 1273.0, 934.0, 661.0, 448.0, 353.0, 290.0, 190.0, 138.0, 102.0, 69.0, 48.0, 27.0, 32.0, 24.0, 9.0, 7.0, 3.0, 4.0, 0.0, 2.0, 0.0, 0.0, 1.0], "bins": [-0.0008888957090675831, -0.0008522673742845654, -0.0008156390395015478, -0.0007790106465108693, -0.0007423823117278516, -0.000705753976944834, -0.0006691255839541554, -0.0006324972491711378, -0.0005958689143881202, -0.0005592405796051025, -0.0005226122448220849, -0.00048598385183140635, -0.0004493555170483887, -0.0004127271822653711, -0.000376098818378523, -0.0003394704544916749, -0.00030284211970865726, -0.00026621378492563963, -0.00022958542103879154, -0.00019295707170385867, -0.0001563287223689258, -0.00011970037303399295, -8.307202369906008e-05, -4.644365981221199e-05, -9.815325029194355e-06, 2.681302430573851e-05, 6.344137364067137e-05, 0.00010006972297560424, 0.0001366980723105371, 0.00017332642164546996, 0.00020995477098040283, 0.0002465831348672509, 0.0002832115860655904, 0.000319839920848608, 0.0003564682847354561, 0.0003930966486223042, 0.00042972498340532184, 0.00046635331818833947, 0.000502981711179018, 0.0005396100459620357, 0.0005762383807450533, 0.0006128667155280709, 0.0006494950503110886, 0.0006861234433017671, 0.0007227517780847847, 0.0007593801128678024, 0.0007960085058584809, 0.0008326368406414986, 0.0008692651754245162, 0.0009058935102075338, 0.0009425218449905515, 0.000979150179773569, 0.0010157786309719086, 0.0010524069657549262, 0.0010890353005379438, 0.0011256636353209615, 0.0011622919701039791, 0.0011989203048869967, 0.0012355486396700144, 0.001272176974453032, 0.0013088053092360497, 0.0013454337604343891, 0.0013820620952174067, 0.0014186904300004244, 0.001455318764783442]}, "gradients/graph_9model.cell_list.1.conv_can.weight": {"_type": "histogram",